word,x,y
aaah,-0.7972187,2.7227173
aargh,-0.8310684,0.31969556
aback,3.2766795,1.7478014
abandon,2.4587681,-1.149598
abandoned,0.7285844,0.31856963
abandoning,-0.481731,-3.2163162
abashed,0.77352095,1.6284976
abbott,3.095343,1.2668114
aberforth,2.0826619,-0.81856817
abilities,3.157436,1.7070307
ability,1.1244742,-0.56006104
ablaze,-1.6556647,0.45271268
able,0.33775645,-0.6680339
abou,0.12495746,-2.3675125
above,-0.9682581,1.9798726
abroad,2.527198,-1.6767621
abrupt,4.028378,-0.08998526
abruptly,-0.58308446,0.35001862
absence,1.1601077,-0.76350725
absent,-2.651629,-2.2039416
absently,-2.569676,-0.29595
absentmindedly,0.14435625,1.3450961
absolute,1.211995,0.8327282
absolutely,0.39373058,-0.32879627
absorbed,-1.9574045,-2.4033263
absurd,-0.71452236,-3.3593848
abuse,-1.844657,-0.49871138
accept,0.81255627,-0.51230973
acceptable,0.26915327,0.18184297
accepted,2.085754,-1.4414313
accepting,2.5041199,0.47673282
access,3.2230253,-3.4074438
accident,0.8625906,-0.7599925
accidental,1.7540387,-1.3654337
accidentally,-0.8478469,-0.24320368
accidents,2.2646117,-1.0627072
accio,0.18209752,1.2126004
accompanied,-1.2934189,0.83654374
accompany,-3.4010632,-1.383869
accompanying,3.2211363,-0.669381
accomplished,2.345554,-0.3024193
accord,3.5095322,2.463148
according,-1.6075239,-1.6967614
account,1.6891003,-0.53597516
accounts,1.3842479,-1.5865469
accurate,2.284533,-1.582734
accusation,0.84997284,-0.17170571
accusations,1.7328607,-2.8219519
accused,2.7965086,1.4937166
accusing,2.996085,-0.36994582
ache,1.2043033,4.0848675
ached,4.0364604,-1.3830547
achieve,0.91210043,-1.3022388
achieved,0.51607317,-0.50897723
achievement,1.4847119,-2.8335996
achievements,1.5094411,1.9717994
aching,1.4854639,2.2412586
acid,0.90480953,1.1485693
acidgreen,-0.47882152,2.791529
acquired,1.9891343,1.4736755
across,-1.4364388,1.450732
act,3.164464,-1.5686269
acted,4.2862444,0.15042178
acting,1.9198555,-0.38994706
action,0.6465135,-0.48520908
actions,1.0209745,-0.2313565
activity,-3.5827775,-0.31325638
acts,1.9273483,-2.19036
actual,0.28245836,0.35744908
actually,0.39867744,-0.14094819
adam,2.2830088,2.2109745
add,0.16998363,-1.1149678
added,0.047233075,0.010172394
adding,0.5557808,3.654879
addition,0.9369106,-2.7883306
additional,-1.2860434,-2.1944833
address,1.4916162,1.3619018
addressed,0.32429644,0.798509
addressing,-4.0596285,-0.91548437
adjusted,0.9118334,2.9799335
admirable,1.8721414,1.4249951
admiration,0.9592823,0.3707285
admire,2.0869694,1.4628078
admired,3.9276443,0.5380152
admirers,2.4783437,-0.37504357
admiring,-0.13186939,-2.4224837
admit,-0.061292008,-0.89837706
admitted,0.9082651,-1.0678184
admittedly,1.6126189,-2.3154805
admitting,2.873332,-2.7120569
ado,-1.7213274,0.8602153
adopted,3.420917,-2.3542104
adult,-0.7967175,-3.9146369
adults,4.108143,-0.39876452
advance,2.774505,-2.2552164
advanced,-1.5484658,-2.6290042
advancing,-1.213116,-0.057093978
advantage,0.24736015,-2.8876271
adventure,-1.4345325,-2.2076454
advertisement,2.4939737,-2.560543
advice,2.5715647,-2.5618587
advisable,1.8911061,-0.67924064
advise,0.81315154,-1.4455992
advised,1.9947058,1.4332573
advising,1.7167149,-1.6323707
aerial,-0.1665651,2.7562501
affair,1.5983146,-2.4845617
affect,1.9289371,-1.035304
affected,1.0483614,0.5414896
affection,1.141221,0.79831094
affectionately,-2.4616435,0.14367092
afford,-0.12876587,-1.6626596
affronted,3.2663555,1.3596767
afraid,0.8884774,-0.6635906
aftermath,2.4970403,2.0964084
afternoon,-1.0254763,-1.4344233
afterward,-0.27262658,-0.95769864
against,0.14917943,0.12961313
age,1.1817445,-1.7144054
aged,-2.9799776,-2.0283701
ages,-0.8755762,-2.4234607
aggressive,3.7736254,-0.38076067
aggressively,1.4158103,0.61683995
aghast,0.150594,-0.12719156
agitated,0.62618667,0.22919634
ago,-0.1889676,-1.2393615
agony,-2.6551259,-0.033314563
agree,2.3097377,-1.1733072
agreed,-0.07746525,-1.4711545
agreeing,2.059898,-2.6041358
agreement,3.1591322,2.869557
agrees,0.2125903,-1.1090375
agrid,3.1452115,0.6319024
aguamenti,-0.48252526,0.5365846
aha,1.7511357,2.9627767
ahead,-1.0664319,1.2286305
aid,2.6669164,-0.58705753
aim,-1.5625622,-2.252808
aimed,0.8419012,1.764857
aiming,-0.84524727,0.5930861
aims,1.4574413,-3.4819567
aint,0.31701252,-1.2353572
air,-0.8535521,1.8469154
airborne,-0.94316155,0.24174142
airily,3.908377,0.82550347
airplane,3.0052166,-0.5772052
airplanes,3.6557107,2.319218
airy,0.8449944,2.3186076
aisle,-2.357193,0.95269877
aisles,2.5657988,1.0755726
ajar,-1.2618881,0.9573731
alarm,-4.038286,0.754856
alarmed,-1.3035424,-2.7950652
alarming,3.4799707,-1.7011884
alarmingly,0.21119298,2.599523
alas,-1.6568708,-1.5907815
alastor,1.1725901,-0.010005539
albania,0.795332,-2.6007097
albert,-0.061309308,-0.99204326
album,3.3767428,-0.5141449
albus,2.1340725,-0.24442723
alecto,2.0085042,0.06749023
alert,1.6825022,-2.18987
alerted,3.028964,-1.6399925
alice,-1.9043149,-3.4235587
alicia,-2.512421,-0.82359326
alight,0.60743964,2.3027732
alike,-3.5327232,1.6897705
alive,0.8233368,-0.3094671
allegiance,2.12309,0.1510769
alley,-3.4094543,-2.4229534
alleyway,-1.1199446,0.70241606
allow,0.26004925,-1.2094971
allowed,0.043767117,-1.4557273
allowing,-0.26201895,0.8239558
almighty,2.9213207,1.4675784
almost,0.12631507,0.49036744
aloft,-0.12263993,1.442605
alohomora,-1.2526348,-0.39021868
alone,0.19068067,-0.21636865
along,-1.6601639,0.855753
alongside,-0.14591004,0.24764663
aloud,-0.2823399,-0.8819685
already,-0.016534116,-0.06442334
altered,2.5063028,0.7112856
alternative,-1.549668,-2.576724
although,-0.6129096,-1.9298011
altogether,-1.5185627,-2.5808098
amazed,0.018061824,0.36845794
amazement,-0.4600582,1.4171299
amazing,3.7538705,0.855479
amber,0.4317593,2.461353
ambition,0.96506375,-1.5797756
ambitious,3.1753418,2.4462965
ambush,-3.1835306,-0.23973179
amelia,2.5597634,1.4306152
amid,-1.9919306,-0.052202724
amidst,-2.1508617,-0.6095023
among,-0.31816003,0.82304984
amongst,-3.7400224,-1.8110853
amos,0.04739369,-1.8237462
amount,0.07923965,-0.82500356
amounts,-3.1332202,0.58926624
amused,0.4894484,0.10470808
amusement,3.8876872,0.7763992
amusing,2.7966416,-1.7925165
amycus,0.7983643,-3.4697046
ancestors,2.0778208,-1.3522975
ancient,-4.328535,0.48395237
andromeda,2.2742198,0.8068034
angel,-2.3845432,0.07947856
angelina,-2.1040041,-1.1462077
anger,1.6143638,1.8421206
angle,-0.3560034,2.331046
angles,-1.692,4.6059136
anglia,-1.9325376,-3.3283713
angrier,0.820838,-0.04652079
angrily,-0.47108036,-0.1646679
angry,0.41600686,-0.031267934
anguish,0.921447,1.6131455
anguished,-3.3916283,-0.52029043
animagi,2.1724389,-1.476109
animagus,1.2939599,-1.9186318
animal,0.22031794,1.0419033
animals,-0.50771284,0.11009459
animatedly,-1.4012321,0.29771408
ankle,-1.0313357,2.4628787
ankles,-1.134301,1.4337177
announce,2.1707683,0.560629
announced,-1.1230643,-0.08073182
announcement,-0.65117043,-4.0779495
announcing,1.8869882,-3.2843766
annoy,1.6497977,-2.8184714
annoyance,-0.99972856,-2.0637763
annoyed,-1.5123452,-3.1115875
annoying,-1.6128379,-3.2826967
another,-0.06193636,0.19765534
answer,0.37602806,-0.037747953
answered,2.7024581,1.0509727
answering,-0.7066448,-0.6152547
answers,2.5923917,-1.2604628
anthony,-1.9529701,-0.6849187
anticipated,3.067533,0.1653408
anticipation,-1.7127807,-2.43907
antidementor,-1.4588556,-2.2257402
antidote,0.1805151,-0.7594276
antidotes,1.061851,0.6549665
antlers,-1.6165217,2.188297
anxiety,-0.15251032,1.2326652
anxious,-0.15711944,-0.19312118
anxiously,-0.87224466,-0.32900748
anybody,2.112604,-1.3341707
anymore,0.7044626,-1.3631209
anyone,0.26123938,-0.63508826
anythin,0.11792776,-2.4808154
anytime,0.78100175,-1.7315168
anyway,-0.03825098,-1.2587134
anywhere,0.0027612336,-0.56183153
apart,-0.4267827,0.23820648
apiece,-1.9331164,-1.1171423
apologetically,-0.7616821,-2.703165
apologies,1.4456025,-0.49617106
apologize,-1.434321,-3.1088736
apology,-0.5922973,-1.6784064
apothecary,0.618578,-3.8905132
appalled,-0.4203222,-0.25682843
apparate,0.35936412,-0.98746365
apparated,-1.0573689,-0.725926
apparating,-0.06626407,-4.3788047
apparent,3.40559,-2.482601
apparently,0.13710779,0.4210286
apparition,-0.22696365,-1.0072336
appeal,2.6084852,1.724271
appealing,-1.1300125,-0.4804836
appear,0.0910514,-1.1855133
appearance,0.7467079,0.4206536
appeared,-0.76845455,1.7822264
appearing,-1.0447607,0.34984648
appears,2.4880354,-0.9665126
applauded,-1.6455637,-0.35924068
applauding,-2.0874972,-0.72196996
applause,-1.9285091,-0.87486744
apple,2.477703,2.6153243
applied,1.7739629,1.0169
apply,2.1337733,2.163653
appointed,-2.19136,-2.1444845
appointment,0.4930811,-1.4194205
appointments,1.1767408,2.1305773
appraising,2.3788075,2.1540506
appreciate,1.7313164,-0.6384093
appreciated,0.62889093,2.642679
appreciatively,2.144418,-2.3575475
apprehended,1.1760004,-2.135235
apprehension,1.6631223,0.8629646
apprehensive,0.7668065,0.6648843
apprehensively,1.7144403,1.2505518
approach,0.93357205,-0.18202484
approached,-0.49751854,0.80026805
approaching,0.120831534,0.472499
appropriate,2.8906612,-0.04061368
approval,0.82946265,-0.06579636
approve,3.121888,1.6482286
approved,-0.5736538,-3.7076876
approvingly,-1.9079115,-1.5306078
april,-0.66140527,-1.8965614
apron,-3.6737266,1.7113531
aquiver,3.9575567,1.8184348
aragog,-1.9450734,-2.6723151
arc,-1.2234865,2.245124
arch,-1.9812174,1.5005001
archie,1.4104011,1.1123194
archway,-1.7171757,1.8615068
area,1.9887425,-0.45206562
aren,0.15914369,-2.769491
argue,0.38254267,-0.023254795
argued,0.8985854,0.19995409
arguing,-3.098394,-3.1424022
argument,-0.98416424,-0.85984355
arguments,1.9858279,1.4693539
argus,-0.37914804,-0.056440454
ariana,1.0504477,-0.56624377
arithmancy,1.9891195,-2.5561397
arm,-0.486068,1.3625978
armando,2.6919608,0.13176878
armchair,-0.91801447,1.3407444
armchairs,2.1496127,1.9106787
armed,0.4520146,-2.3174405
armful,-1.6799307,2.5715094
armor,-2.7523768,2.5465388
arms,-0.85313195,1.5079694
army,1.6761341,-0.962838
arnold,0.2059882,2.4606776
arrange,-0.019616885,-4.0617037
arranged,1.5359735,0.9855652
arrangements,-1.3196585,-1.4541684
arrest,0.9797899,-1.244183
arrested,0.843635,-1.2128649
arrival,-0.30627778,-0.2954119
arrivals,4.1929355,0.51509625
arrive,2.96316,0.24450193
arrived,-0.5813446,-0.49795043
arriving,-1.4620622,-1.1333469
arrogance,-0.29671898,-0.8622447
arrogant,1.363115,-3.3592443
arrow,-2.068409,2.2276866
arrows,1.2246414,3.4813883
arry,-1.3998262,-1.3542938
art,-2.6766257,-3.2561882
arthur,-1.6513671,-3.1866367
article,-0.11891929,-0.33474186
articles,3.042303,-1.4555626
artifacts,0.64287305,-1.249765
arts,0.79913294,-1.8028464
ascended,-2.0427814,1.540678
ash,3.0258548,3.026316
ashamed,0.8485185,-0.80992097
ashes,-0.9173307,-0.40001833
aside,-0.69759595,0.6536606
ask,0.47564605,-0.5056883
askew,-1.8727915,1.5508237
asking,1.0229865,-1.6345481
asks,1.6629785,-1.7140298
asleep,-0.8125349,0.44389454
assembled,0.31603393,-4.1886125
assent,-0.7141256,0.8999834
assigned,0.08271423,-2.7743566
assist,3.117847,0.47588354
assistance,1.8474283,-0.37931895
assistant,0.54521054,-0.65903807
associated,-3.5421128,-2.4810843
assortment,-0.24814856,3.1851525
assume,3.1466038,-0.8262276
assumed,1.8721243,-0.9219332
assuming,-1.8742273,-2.4409268
assure,1.7851708,-0.25116056
assured,1.8740089,-0.5350399
astonished,-0.47823215,0.6700879
astonishing,0.3152738,-1.4000899
astonishment,-0.22025609,1.1303304
astounded,3.73581,-0.29239568
astronomy,-1.9390765,-0.37263182
ate,-0.5239451,-0.75283754
atmosphere,0.95961124,0.8721649
atrium,-1.2332582,1.8603038
attach,-0.10421616,1.702774
attached,-0.4406976,3.1838102
attack,1.1085539,-0.27948606
attacked,0.16358209,-0.6028355
attacker,-0.5052593,-0.57313555
attacking,-0.49360782,-0.5741338
attacks,-0.16638125,-1.7802367
attempt,0.81959695,-0.45772502
attempted,0.18211783,0.12793559
attempting,-0.8159201,-0.5805272
attempts,2.7820942,-2.0585501
attend,1.1733097,-1.0226305
attended,1.3111749,-1.5496396
attention,0.2511714,-0.26208878
attic,-1.6452744,0.48163748
attitude,1.111662,-0.25319484
attract,0.019551981,-1.3814723
attracted,0.8587113,-2.337815
attracting,2.986905,-1.7481204
attraction,0.808545,-3.7848039
attractive,2.0766845,1.5609097
audible,-0.21854073,0.6230513
audience,2.899652,-0.61790496
august,3.5746489,-1.9542978
aunt,-0.67562205,-0.2579612
auntie,-1.2158775,-3.8280263
aura,1.6691532,1.4849781
auror,2.0533576,-1.1987271
aurors,2.1179302,-2.5462775
author,2.731073,-2.5923905
authority,1.1008973,-1.8222536
autograph,-0.5038582,-0.25593406
automatically,-1.8906535,1.2712247
autumn,-1.2415649,2.2762132
avada,4.706579,2.061732
available,-1.0786998,-3.321606
ave,-0.5988449,-1.1858379
average,-1.0846256,-3.6057076
averted,1.7608634,1.4229583
avery,-2.7998362,-0.12292284
avidly,0.38184702,1.6435775
avoid,-3.4341002,0.38446265
avoided,-0.20060061,0.6277915
avoiding,0.79171604,2.0402381
await,2.8732495,-0.34200364
awaiting,2.274925,-0.45338622
awake,0.39423177,1.0846913
award,-1.443692,-1.4743798
awarded,-1.488097,-1.3615258
aware,0.88631594,0.8749881
awe,2.912842,0.8449214
awed,2.4383297,0.8486924
awestruck,-0.112648465,-0.46676356
awful,4.0649753,0.55673265
awkward,-0.8333416,-3.0469162
awkwardly,-0.42700675,0.40988886
awoke,-1.6729201,-0.37045354
awoken,-2.897089,0.44271305
axe,0.80749476,2.8885705
azkaban,0.34885913,-0.8672961
babble,-3.3806617,0.04753789
baby,0.3607718,0.20440114
backed,-2.2011867,0.78369355
backfired,-4.390837,0.089320764
background,-2.7835407,3.3006096
backing,0.57344335,4.7050676
backs,-0.96455,1.3643929
backseat,-4.2501087,0.79223263
backside,-4.046686,2.1143336
backward,-1.4324677,1.6197438
bacon,-0.80789983,1.3809859
bad,-0.07485087,-0.9539131
bade,1.6279204,1.2679952
badge,-2.4039047,-1.6034782
badger,1.8113416,-0.68278146
badges,1.5374566,0.23986979
badly,-0.04778706,-0.1614243
badtempered,1.6514719,2.2649853
bag,-0.70353836,1.6948215
baggy,2.124811,2.4531944
bagman,-0.5095158,-0.32292002
bags,-0.33480054,-0.8970475
bagshot,3.6175992,0.48695114
balaclava,0.98573744,2.8839846
balance,0.42680162,1.274381
balanced,-1.3516192,1.601516
balancing,-1.8733689,1.8194524
bald,0.43903464,1.4884506
balderdash,-2.582137,-1.4270053
balding,0.57802176,0.53600115
baldly,2.6350534,-0.34349206
ball,-0.47150034,2.827678
balled,0.10170972,2.723545
balloon,-3.0509295,0.017886227
balls,-0.48110232,0.8240512
ban,-1.8396652,-1.4494739
band,-4.6974463,-0.1420901
bandaged,-0.47028887,-4.399183
bandages,2.4954553,3.2909515
bane,1.4174044,0.016817389
bang,-2.7385995,0.7064304
banged,-1.3251778,1.0314766
banges,-4.7764015,-0.9259323
banging,-1.254116,1.1560196
bangles,1.3325372,1.8113385
bangs,-2.9135535,0.7172912
banished,-3.6715035,-0.7906815
banisters,-1.5551404,2.1016333
bank,-2.3344893,0.47357702
banks,0.35623658,1.3696511
banned,-0.33296993,-1.8162779
banner,-3.1193266,-0.5944598
banners,2.863504,3.0474627
banshee,1.4779406,-0.23207451
bar,-1.0601376,0.44742906
bard,0.8933275,-0.7163766
bare,-3.5593047,-0.8311896
bared,-3.0465634,1.6161957
barely,-0.10485072,0.67773944
bargain,2.0297678,-3.4282558
bark,-1.0953238,0.7196881
barked,-2.6942909,-1.7532163
barking,-2.9716213,1.5046687
barks,0.058951464,1.3752931
barman,-0.8821181,1.5168073
barmy,1.0153617,-2.2282686
barn,-1.4137107,0.12150921
barnabas,1.8156486,-2.60204
barny,-2.8532982,-2.5721645
baron,-2.0007865,-0.26707125
barrel,-1.4222444,2.359849
barrier,-0.42309764,0.086693175
bars,-0.43452722,-1.6095734
barty,2.4432397,-0.78178746
base,-1.4070411,3.322938
basement,1.1464878,1.8682498
basic,0.71082044,-3.0717418
basics,-0.81392145,-2.134168
basil,-3.522666,-0.5475625
basilisk,-3.5316694,-0.4976259
basin,0.68925685,2.7821474
basket,-2.750291,0.6241435
bat,-0.7510933,2.2392685
bated,-2.1239538,-0.24328466
bath,-0.39024776,0.1076454
bathed,-1.1254187,3.223507
bathilda,3.3781629,0.49613166
bathroom,-1.601633,-0.088711545
batlike,-1.8570911,2.981164
bats,-3.3365169,1.2632337
battered,-2.8280418,-2.1324542
battle,3.8036094,0.18444675
battling,-2.573895,0.27430132
batty,-0.07459938,-3.0686607
baubles,-2.380337,1.1779246
bawling,-3.5134733,2.48615
bay,-0.9095664,-1.4806458
beaded,-0.8426603,1.9137132
beadily,3.0381644,3.0644817
beads,0.75729287,2.8276625
beady,-2.1220315,3.7524822
beak,-4.558319,-0.1552593
beaky,0.22103812,3.087595
beam,0.34367925,2.1830618
beamed,1.2176682,1.3009002
beaming,1.1684513,1.2766829
beams,-2.079337,2.5260198
bean,0.7026037,3.1405683
beans,-1.4118383,-1.5779065
bear,0.3184529,-0.41979706
beard,-0.17167722,2.936439
bearded,-1.4415247,4.167274
bearing,-1.0238674,1.0603927
beast,0.41819212,1.1280415
beasts,1.828985,-1.6236229
beat,-1.7818016,-1.0744492
beaten,0.1962222,-1.9243633
beater,-3.3102221,-1.2002555
beaters,-2.2344446,-1.0887789
beating,1.148416,3.9423604
beats,0.021508245,-3.1791584
beautiful,0.38907066,1.3510773
beauty,1.845857,4.096578
beauxbatons,2.6859996,-3.179671
became,-0.81194824,2.260134
beckoned,-1.8195289,0.86604387
beckoning,-1.7684621,-1.0223789
become,1.4779516,-1.4015149
becomes,3.4871767,-2.8302588
becoming,2.5778558,-2.2868817
bed,-0.83970004,0.9484734
bedroom,-1.6240346,0.74440825
beds,-1.0328759,1.0734879
bedside,-1.1990675,0.85198605
bedspread,-2.638554,1.8150548
beech,-2.5603826,2.4077
beedle,1.4450719,0.6206838
beef,-2.7082846,3.0589857
beetle,-0.16099574,-1.5269644
beetleblack,-0.19701043,1.5681751
beetles,-3.190942,1.9881585
beforehand,-0.51267076,-1.3979121
beg,1.475291,-0.25674924
began,-0.69950205,1.0989501
begged,-0.7739017,-0.08010578
begging,1.8646574,-1.8839736
begin,1.0865666,0.0013219201
beginners,-0.8384272,-2.976787
beginning,1.9592541,-0.44477054
begins,2.2867904,-0.64521855
begun,-0.651409,-0.11265304
behave,-0.68226695,-3.0004287
behaved,-0.7054951,-3.0504303
behaving,-0.7364209,-0.7803358
behavior,0.8132423,-0.28352728
behind,-1.0162064,1.0271177
bein,-3.438763,-0.73275626
belby,-4.0988817,0.4829336
belief,1.1214348,-1.3250589
believe,0.5416127,-0.48958445
believed,2.1226482,-0.3032018
believes,1.3505981,-1.2326827
believing,-1.6546826,-0.90688163
bell,-2.0678022,-0.49328044
bella,-0.6840309,-0.9697443
bellatrix,1.2601342,0.62674147
bellowed,-0.6548058,0.34315562
bellowing,-0.9544146,0.52002376
belly,-1.8632351,1.9872034
belong,-1.0830827,-1.8928131
belonged,0.07882555,1.037755
belonging,-2.519896,2.2842593
belongs,1.1724113,-1.8454628
beloved,-0.383235,-0.66611207
below,-1.6346567,1.4829715
belt,-0.5085455,2.6227374
bemused,-0.9111256,-2.240553
bench,-2.9157598,2.8097653
benches,-1.6583246,1.0188526
bend,-2.1712205,1.7277632
bending,0.4596116,4.0791626
beneath,-1.0133977,3.2691422
benefit,1.5732685,-2.813202
bent,-0.13328603,1.3578398
berserk,-2.445121,-0.9728999
berth,-1.8510228,1.5257329
bertha,4.042441,-1.0204407
bertie,2.9794674,-0.037552476
bes,0.9583795,-2.2534256
beside,-1.1500558,1.3425763
bespectacled,0.39661047,1.5160702
best,0.41685307,-0.70368165
bet,-0.00927705,-1.7358931
betray,1.3127135,-0.7456966
betrayal,1.515317,-0.020157902
betrayed,0.8629267,0.034795526
better,-0.16923739,-0.67259806
betting,1.6349316,-1.6353703
between,-0.30563796,1.1346184
beware,-0.27026364,-3.8848395
bewildered,-0.077769905,0.26381972
bewilderment,-0.870059,2.9631085
bewitch,1.2011243,-0.5127839
bewitched,-0.19226155,-0.8230803
bewitching,3.9684236,0.24310507
beyond,-2.0270526,0.50605255
bezoar,0.25579974,-0.6703495
bickering,-0.121699624,-0.48652205
bid,-1.3935003,-0.59919304
bidding,1.657197,-1.4058803
big,-0.37803861,-0.7365648
bigger,0.0717365,-0.97844243
biggest,0.6547966,-1.8651989
bike,1.5865299,-0.72206795
bill,-0.88812166,-0.1641294
billowed,0.04230203,2.3250575
billowing,-1.2895114,1.551473
bin,0.3874985,-2.4361262
bind,2.5375,-1.8036305
binding,2.147656,0.729678
binns,0.18206371,-0.16622335
binoculars,-0.7070973,1.2509028
biography,2.1784651,-0.49686915
bird,0.12851089,1.1294019
birds,-0.40993822,-0.4652729
birth,-0.1752232,2.9751966
birthday,-1.2967924,-2.2209702
birthdays,-0.47528335,-2.214312
biscuits,2.8518672,-0.45346558
bishop,1.316354,-0.9672626
bit,-0.04847299,-0.8119411
bite,1.1905549,-3.6978602
bites,-3.863968,-1.5333198
biting,1.2441907,1.7050529
bits,-1.2582079,2.3942564
bitten,-1.5210634,-1.1619196
bitter,0.6231332,0.40276688
bitterly,-2.0042017,-2.0349276
bitterness,2.2245004,1.0001179
bizarre,3.1215734,0.53973395
black,-0.1443392,1.7566165
blackandwhite,2.7569542,3.1212647
blackboard,0.49302238,2.196652
blackened,0.38946587,1.857532
blackhaired,2.4763823,0.01749389
blackmail,0.22345814,-2.4707968
blackness,-2.880934,0.12821577
blackthorn,1.6601034,0.68175286
blade,-0.47467974,2.089342
blaise,-0.8482915,-2.560693
blame,0.7623064,-0.53109604
blamed,1.6535951,-0.75929284
blaming,0.9753672,-0.30419728
blank,0.93865055,3.1357918
blanket,0.2131291,1.9877353
blankets,-0.40285438,2.0569386
blankly,-0.27111796,-3.7433548
blast,-0.76934636,3.4239428
blasted,-0.23054536,0.87933624
blastended,-0.21989158,-0.10798327
blasting,2.1246603,0.3607154
blaze,-1.2298617,1.2780744
blazed,-1.5641383,2.7218652
blazing,0.62241167,1.0961505
bleakly,-3.0454671,-2.2655368
blearily,-2.3012018,-2.782512
bleedin,2.551371,-1.8596001
bleeding,0.11161505,1.0494206
bless,1.2220384,-1.1827776
bletchley,-2.4273326,-1.0305115
blew,-0.3833096,0.07134189
blimey,-0.779829,-1.9643952
blind,-0.7788187,0.7375675
blinded,1.1925545,2.7941031
blinding,-0.28760913,2.4401324
blindly,-2.3396404,0.6490888
blink,1.0463574,-0.023525951
blinked,0.6603581,1.5460439
blinking,-0.05945011,1.1955175
blistered,-1.2473198,1.6023109
block,3.3216054,-0.78558177
blocked,-3.584029,-2.7700887
blocking,-1.1408437,1.2901003
bloke,0.21526138,-1.1448082
blond,2.3282278,0.24954917
blonde,-0.5170511,2.6239836
blood,0.27137578,0.26524347
bloodred,-1.795926,3.0059345
bloodshot,0.45429325,1.8485892
bloodstained,-0.9143802,1.5846103
bloody,1.3953031,0.672038
blotts,3.5884888,3.1099575
blouse,0.038495112,2.9126518
blow,-1.7899526,-2.2688873
blowing,-1.4320089,-0.37265638
blown,-1.1755173,-1.3409071
bludger,-2.547985,-0.84852386
bludgers,-2.0938258,-1.1730211
blue,-0.6456482,3.3839588
blunder,3.5572872,-1.2856367
blundered,1.2347296,-3.2141109
blundering,-2.8018842,1.0006846
blunt,-0.8471371,2.1946864
bluntly,1.3205668,-3.4465694
blur,0.3018992,1.5383773
blurred,-2.1747262,1.9665105
blurted,-1.2459358,-2.2150588
blushed,-2.5590482,-2.8901997
blushing,-0.26037332,-2.6148214
blustered,-2.1747034,4.1785765
boa,-3.2566464,1.8817399
board,0.4675191,3.3294055
boarded,1.5994407,0.43748185
boards,-2.607945,0.8062421
boarhound,-1.0187491,1.1695468
boars,3.998497,-1.8286034
boasting,0.7473382,-2.0695834
boat,0.3109694,3.1315863
boats,-2.7965598,1.5263836
bobbed,-2.0316467,1.5382508
bobbing,-2.1950383,2.156847
bode,1.96868,2.3361864
bodies,-0.9865529,2.1804852
body,-0.26051626,1.4032197
bodybind,1.9503956,4.417481
boggart,0.19411242,-0.15976879
boggarts,1.6063865,-1.0160966
bogrod,2.7543838,-2.0570061
boil,0.33900857,-2.8051364
boiled,-0.47256,0.84446895
boiling,0.48421073,1.1088368
boils,0.381911,-3.8871567
bole,-2.3410602,-1.2902286
bolt,-3.1455603,-0.62573
bolted,-3.5690691,0.9603433
bolts,0.7921547,3.0608964
bomb,2.5566063,3.710869
bond,2.65551,1.0425912
bonds,0.6455373,2.1335893
bone,1.4430867,1.1773926
bones,2.223453,1.1624093
bony,-0.14018786,1.8312126
book,-0.027168239,-0.08233139
bookcases,-1.6725283,1.5989181
booked,-1.6309369,-1.66145
booklist,0.6509122,1.8378633
books,-0.61584604,0.018738395
bookshelves,-2.1493785,-2.9806757
boomed,-1.3112515,-0.13969788
booming,0.6131321,1.2163385
boomslang,1.4574174,-3.5806384
boos,-2.431974,-0.79201084
boot,2.2126832,0.4586653
boots,0.6082785,1.2598124
bore,0.30805448,0.8127581
bored,0.16008852,0.032441765
borgin,1.5658033,-0.7577246
boring,1.5439258,-1.494638
born,0.36328512,-0.58928484
borne,-1.9307979,1.7575147
borrow,-0.15958463,-0.70277435
borrowed,0.54820186,-0.70835537
boss,1.7211479,-0.09857581
bother,0.41655377,-1.4745092
bothered,0.5189208,-2.783284
bothering,-0.19081034,-1.9857234
bott,-0.93592393,2.2950754
bottle,-0.492226,2.1962337
bottlebrush,-0.6082013,3.2282443
bottles,-1.5411334,1.9056456
bottom,-1.2321564,1.1164621
bought,-0.79749614,-0.2152514
boulder,-2.02438,2.0036411
boulders,-1.4549711,2.4141796
bounced,-1.315945,1.9824438
bouncing,-1.2597493,1.3897121
bound,0.3053157,-0.40920812
boundaries,0.49337918,-1.64605
boundary,-3.0169818,-1.1284739
bounded,-1.8602479,-3.0764475
bounding,-1.3726964,4.2592597
bout,-0.86993134,-1.1127028
bow,0.2646079,1.2374796
bowed,-0.47019148,1.4148264
bowing,2.9674516,0.81772673
bowl,-0.77360505,1.6621788
bowler,0.14644563,1.8874727
bowls,0.6148665,-3.2622721
bows,-2.0276692,3.7739823
bowtruckle,0.27551392,0.81369054
bowtruckles,-3.3898551,0.05296592
box,-1.6044291,1.7533301
boxes,-3.3807664,2.8581629
boxing,-1.952222,-0.92412627
boy,0.504387,-0.17438689
boys,-1.1960654,0.03407785
braced,0.9247765,2.0325844
bracingly,-2.8294506,-2.9564993
bracket,-2.9000328,2.7143846
brackets,-2.3823726,1.5314071
brain,1.486974,2.33927
brains,0.67264843,-3.276908
brambles,-1.9306718,1.6739923
branch,-2.4713209,1.3886925
branches,-2.1497426,2.4959502
brand,0.9262919,-2.8927736
branded,-0.253023,2.3785381
brandished,0.19078358,2.9809194
brandishing,-2.8147764,-3.2461486
brandnew,-0.41252342,2.65346
brandy,-3.4573936,-0.749253
brass,-2.0075507,2.0950093
brave,0.0072511663,-1.058929
bravely,3.1015131,2.4513724
braver,1.904862,-2.4084315
bravery,1.3175392,-1.9461148
bravest,3.3261092,2.4295778
brazil,-2.6404977,-2.7338622
breach,3.6453753,-1.2588257
bread,-0.9813839,1.0196772
break,-0.041974746,-0.46126628
breakfast,-0.89061856,-0.6985106
breakin,1.70315,-0.527477
breaking,-0.4907878,-0.116123594
breakout,1.1949195,-0.89260054
breaks,-3.3822074,-1.383956
breast,-0.28692752,2.0463204
breath,-0.08572523,0.94870305
breathe,0.40095153,0.24270989
breathed,2.0173495,1.5235745
breathing,0.22365008,0.6762021
breathless,-1.6277626,0.71032894
breathlessly,-2.527842,-2.552964
breaths,3.9230034,-0.04467401
breed,-0.18524963,-3.108432
breeding,0.38760072,-2.4384298
breeze,-0.7856633,2.9144776
breezy,-0.5853104,0.49776986
brew,0.26882625,-1.129288
brick,-0.9321241,0.035952684
bridge,0.17965898,3.1026816
brief,-0.53774023,0.8030624
briefcase,-0.8535569,1.8960978
briefly,0.31745481,1.5434074
bright,-0.44989046,2.996033
brighter,-1.6474532,3.8926077
brightly,-0.5036681,-0.12387222
brightness,-1.4207649,2.901129
brilliance,-2.723934,3.867095
brilliant,0.5418029,0.2860782
brilliantly,-1.2768956,4.27448
brim,1.2830426,1.1470164
brimming,1.076584,4.233859
bring,0.026868762,-0.9541982
bringing,-0.48829406,-0.29066277
brings,-3.8923461,0.480798
brisk,-2.9875476,1.3435293
briskly,-0.86342347,-2.730383
bristling,2.6323078,1.3883095
britain,-0.777632,-1.7115779
british,-1.1094087,-1.4419078
brittle,-1.0925069,2.004798
broad,-0.26177186,2.6311753
broadly,-0.37892348,0.22926688
broke,-0.32793123,0.37879202
broken,-0.15886573,0.8740854
brokendown,0.9488549,-2.0534194
bronze,-0.07010003,2.8655276
broom,-0.8109879,-0.18046512
brooms,-0.7797806,-0.8302546
broomstick,-1.363008,0.0055215945
broomsticks,-2.49684,0.047127414
bros,3.1283007,-3.337216
brother,0.8020828,-2.989976
brothers,-0.833979,-1.321665
brought,-0.1679522,-0.58683735
brow,-2.8320165,-3.7331724
brown,-0.83290744,3.699585
bruise,2.5587788,1.6167476
bruised,-0.2975548,1.8744524
bruises,-3.9858975,-0.054986015
brush,-2.0461414,3.884178
brushed,0.53691876,1.6762172
brushing,-0.17104839,2.3588316
brusquely,1.9139059,1.9070252
brutal,0.01260209,-2.409495
brutus,-0.7513839,-0.7834861
bryce,1.4042649,-0.3956647
bubble,-2.9182305,-2.2159553
bubbles,-0.5024816,3.0444903
bubbling,1.0637907,2.232939
bubotuber,-2.5854945,2.762459
buck,-0.7020211,-2.2087986
buckbeak,-2.4717877,1.6578889
bucket,-3.8575604,-0.15306897
buckled,-0.809352,3.0409877
budge,-1.0908564,-0.29983866
buffeted,-2.3903213,0.8576593
build,1.3879193,1.513523
building,0.21415448,0.38275063
buildings,-2.1067593,2.7788901
built,-3.4827619,2.2536957
bulgaria,-0.9177826,-1.4720372
bulgarian,1.1161497,-2.036976
bulgarians,3.9710355,1.0917996
bulging,-0.18500438,1.375384
bullet,-3.1819594,1.0870582
bullfrog,-0.09170153,3.933484
bullied,-0.83180135,-0.5786121
bully,0.26227522,-1.7060009
bullying,1.5706017,-1.8154657
bulstrode,-0.72139174,1.3804394
bump,-3.566897,0.38798845
bumped,-0.2615794,4.7079763
bumping,-3.628328,0.27547935
bumps,2.6617537,1.7317127
bun,-0.44734234,3.0896602
bunch,-0.2888882,0.7680393
bunches,-2.8248842,-2.5369382
bundle,-1.0552632,1.8926003
bunk,-1.504218,0.8263896
burbage,0.9900154,-2.1051369
burden,-2.610098,-1.0316935
burial,-1.9680077,-2.3990734
buried,0.23267525,0.9772084
burke,1.7243954,-0.41241595
burkes,1.0100571,0.07179055
burn,0.64273846,2.5800812
burned,0.5880865,1.2994994
burning,1.281268,1.5561016
burns,2.0048537,-1.2518615
burnt,-2.6228218,1.5607504
burrow,-0.61496824,-0.45214024
burst,-0.57938683,1.4207513
bursting,0.14582998,-0.52402616
bursts,-1.2861485,3.0499916
bury,2.4763303,-2.1439927
burying,-3.2379127,1.7782475
bus,-3.0809002,0.77428985
bush,1.0508349,-2.4627156
bushes,-2.2530057,2.5850403
bushy,0.02896551,4.0534835
business,0.37647402,-1.1983032
businesslike,-1.1798942,-3.3894358
bust,-0.0043537277,2.0308242
bustle,-2.1822119,0.16517839
bustled,-1.3826277,0.06743697
bustling,-2.7425342,1.315836
busy,-0.19292548,-0.4942216
butterbeer,-0.31975746,0.34049663
butterbeers,-4.5958695,1.5318371
button,0.42181286,2.9957552
buttons,-1.1219233,-3.567755
buy,-0.81971556,-3.201518
buying,2.6747456,-2.7988317
buzz,-1.6697704,-2.017664
buzzing,1.0442513,2.1954126
bye,-3.0697198,-0.34789714
cabin,-2.7334805,1.4795308
cabinet,-0.97753674,0.7784485
cabinets,-1.8714455,2.8052857
cackle,1.8406761,-1.0261531
cackled,0.8937089,0.08790602
cackling,-2.2981577,0.78227043
cadogan,3.1973984,-1.7117883
café,1.9111487,2.2383108
cage,-1.4741268,2.0368667
cages,-1.5316373,2.3288422
cake,-0.52768034,0.26716915
cakes,-1.2695146,-0.15488248
call,0.27262065,-1.2668295
called,-0.06869741,-0.11505582
calling,0.32856706,-0.5185087
calls,2.4856122,0.44221652
calm,0.42907032,0.14003216
calming,-2.9880657,-0.44164553
calmly,1.0837867,0.10771556
camera,-0.09204162,1.6074934
camp,-2.6930225,-2.6633687
campaign,0.5617193,-2.0215669
camping,1.4364572,-2.0167973
campsite,-1.834012,-0.06503733
canary,-2.0968902,-0.93660307
canceled,0.12846299,-2.0784738
candidate,1.0509446,-4.168796
candle,1.3315289,2.407248
candlelight,1.6676682,0.53778565
candlelit,-4.188862,-0.79194057
candles,-1.4719002,2.3593442
candy,-1.7896705,2.8280287
cannon,-0.42250082,3.9218106
cannons,-2.6974196,-0.73308265
cannot,0.6232652,-0.572326
canopy,-1.9360522,3.170623
cantered,-1.2303536,3.5601475
cantve,-0.11077135,-3.4952931
canvas,-1.6417457,1.6965547
cap,-1.1818513,0.89907587
capable,-1.3204129,0.5097967
caps,-0.3524696,2.480644
captain,-1.6330895,-1.3270475
captains,4.160116,1.0437406
caption,2.3111262,1.0328479
captioned,3.1434047,-1.1042144
capture,1.0618176,-0.6798854
captured,0.030669197,-0.8019338
car,-2.5210478,-0.016839506
card,-0.49201128,0.5704127
cardboard,-1.2067307,1.8700212
cardigan,-1.9865884,-0.02467265
cards,-0.19883281,2.0024824
care,0.80468976,-1.4746822
cared,1.5900898,-0.88757867
career,0.44182813,-1.9320782
careers,1.4005207,-1.633674
careful,-0.082098864,-0.90705985
carefully,-0.38383386,1.6957227
careless,2.7993867,-1.9275416
carelessly,0.8364889,3.67235
cares,0.5300487,-0.30668598
caretaker,-1.0301325,0.638257
carols,0.52263856,0.32870525
carpet,-1.7238784,4.1433897
carpeted,-3.259543,0.30880424
carpets,-0.44717714,-1.6764226
carriage,-1.4297075,0.7514905
carriages,-0.30484232,-1.6104003
carried,-0.8197267,0.5927106
carrow,-2.297553,-1.128055
carrows,1.7011583,0.45799735
carry,4.2875776,-0.50398093
carrying,-1.3785347,2.002578
cars,-3.1315672,2.2221556
cart,-0.9887076,-0.07196411
cartoon,1.3667142,-1.3125652
carved,-2.1733608,1.352551
case,0.07330428,-0.112944126
cases,-1.8563244,-0.43006483
cast,-0.069109835,0.19153732
casting,-2.054678,-0.085926935
castle,-1.1594179,0.33215627
casual,0.6111481,-0.2903797
casually,3.4561007,1.2053909
cat,-3.4098372,2.0530548
catastrophes,1.2449211,2.2476575
catch,0.21411894,0.4953864
catching,-2.745871,-2.0201607
catchpole,-5.373556,-0.027216889
cats,-2.7533827,-0.5919376
cattermole,3.710375,2.0541153
caught,-0.35007885,0.46984956
cauldron,-0.7521636,0.31656456
cauldrons,-0.7976076,0.39297146
cause,1.2555765,-2.1031291
caused,2.1720638,-1.56672
causes,3.564213,-0.4516752
causing,-1.1289856,0.48733044
caution,2.5438845,1.995451
cautiously,0.57144964,-3.9037352
cave,-0.021513874,-0.17388284
caved,0.5459044,0.31149817
cavern,2.228634,3.347976
cavernous,-2.9289389,1.5180336
caves,-3.7610202,1.943705
cease,1.836402,-2.8149374
ceased,0.12306693,2.392191
ced,0.48177576,-2.1690843
cedric,0.0067697074,0.2526708
ceiling,-1.6813226,2.1038997
celebrate,1.7414788,1.100367
celebrated,2.3966887,2.6606867
celebrating,-0.7062058,-1.3714399
celebration,-2.9530582,1.1368326
celebrity,0.89447874,4.391582
celestina,-3.209481,-3.2273211
cell,1.3087586,-2.3608305
cellar,-2.0391307,0.32063013
centaur,-0.47433567,0.9723672
centaurs,-2.5799272,-1.3422302
center,-0.95903504,1.1226332
centuries,1.1637157,-0.71682334
century,-0.76830643,-2.3956347
ceremony,-4.2426653,-0.4589213
certain,0.91900915,-0.48177844
certainly,1.3647159,0.18385017
certainty,3.487553,-1.6099614
chain,-1.2512935,1.5457499
chained,-1.0239562,1.8787884
chains,-0.9058537,1.9803593
chair,-0.90880704,1.748284
chairs,-1.1799294,1.5760986
chalk,3.071352,2.078492
challenge,2.0522385,-2.214775
chamber,-3.3364294,-0.41732264
champagne,-0.5809676,-3.9591556
champion,2.993707,-0.74983615
champions,-0.8413182,-0.45413867
championship,-0.3614264,-2.423511
chance,0.3013372,-1.1035584
chanced,-1.7308993,-1.5263126
chances,-1.071375,-1.5782366
chandelier,-3.581813,1.1602489
chang,-1.2872291,-0.83990926
change,0.33501545,-0.75155395
changed,0.41377175,-0.47466496
changes,0.16431293,-0.65393436
changing,-0.73587745,0.2941617
channels,-4.317348,1.5839134
chant,1.7543012,-4.0183196
chaos,2.8681545,-0.0129885385
chap,1.2951171,-1.9529591
chapter,-1.0937439,-1.1967802
character,-0.08121397,-2.0437622
characters,3.1958776,-3.3895228
charge,0.47494662,-0.47033474
charged,-1.4480592,0.22282048
charges,-2.8693871,-0.73654866
charging,0.92125934,0.8128575
charity,-2.9142659,0.7360844
charlie,-0.8876578,-0.287018
charm,0.36529973,-3.7698064
charmed,-3.5616956,-2.473166
charming,1.2111803,-0.85415995
charms,0.16708845,-2.931578
charred,-2.4600341,3.8339436
chart,-1.7797382,-1.9532579
charts,-1.1011153,-0.46206233
chase,1.8072127,0.9060452
chased,1.1512644,0.39600345
chaser,-2.6001067,-1.1191784
chasers,2.696613,3.5371706
chasing,-0.5804938,-1.4625593
chat,-0.044135164,-3.867433
chatter,-1.9012221,1.1043754
chattering,-1.7155006,0.6529763
chatting,-2.2572207,-0.35377127
cheap,-0.88767666,-1.940244
cheating,-1.7491213,-1.6468816
check,-0.2694905,-0.47769293
checked,-1.7524941,-1.025199
checking,-1.2759229,-0.8765159
cheek,-0.8962794,0.11845632
cheeks,0.41683733,2.1508508
cheer,-3.924944,-1.2248378
cheered,-0.0008357877,-0.5630145
cheerful,0.18910392,0.48969796
cheerfully,-0.02089966,0.067731366
cheering,-0.60909915,-0.18471846
cheers,-1.4316783,-0.27298096
cheery,-2.5347965,-1.8155645
cheese,-1.3634834,0.05398368
chess,1.2973862,-3.7779493
chessmen,-1.7399101,-0.14606154
chest,-0.15317045,1.6827252
chestnut,-3.3066595,2.502721
chests,-1.9920418,1.7035232
chew,-0.28367552,-1.9375391
chewing,3.0509331,2.731148
chicken,-2.2277117,1.2030375
chickens,-1.7977885,-1.372654
chief,1.7593851,-1.4325056
child,0.93750775,0.40100574
childhood,2.6604078,0.4769371
childish,1.8967602,0.26513064
children,-0.86255777,-1.3674659
chill,0.696428,1.2460431
chilling,-1.2876321,3.674717
chilly,-1.545967,2.4432652
chimed,-2.02644,-0.19314879
chimney,3.506626,-0.021844048
chin,-0.0010689978,1.3576243
china,-2.2354188,2.4827147
chink,3.694236,-1.705797
chintz,-0.8503983,2.413922
chipped,-0.46578997,2.1624196
cho,-0.6116069,-0.08735578
chocolate,-3.614318,-0.104201905
choice,0.8800062,-1.9500177
choked,-4.4967017,-0.37975207
choking,-0.88543975,1.4911017
choose,0.04807254,-1.4113243
chooses,3.681592,1.0287886
choosing,-0.5283354,-3.9581795
chops,-1.3181978,1.9976909
chortled,2.3657176,2.6578517
chortling,-2.3140013,-1.543333
chorus,-1.4791639,-1.5456033
chose,0.66004616,-0.6619759
chosen,1.4690337,-2.686416
christmas,-1.4899238,-1.8417577
chuck,-2.5502117,0.8155189
chucked,3.044063,1.2340851
chucking,-0.92884874,0.15567893
chuckle,1.7625686,1.3885204
chuckled,0.90763795,0.50772154
chuckling,0.2557272,4.885077
chudley,-2.4571288,-0.68531805
chunk,0.1829688,2.8439775
chunks,-1.3469409,2.573625
church,-2.0477588,1.5614251
churning,0.13605438,2.725528
chute,-1.6021146,2.7729692
cigarette,3.427875,1.9312631
circle,1.0939577,2.2640524
circled,-2.7240765,4.088816
circles,2.4903364,2.2212732
circling,-1.499601,2.7223594
circular,-2.432303,1.8300623
circumstances,0.7304485,-2.015195
cissy,3.47842,-1.7791181
city,-0.72907346,3.5741692
claim,2.3374372,-0.88833123
claimed,1.5137208,-2.1533234
claiming,4.026071,-1.0940447
clambered,-2.5255437,0.9327062
clambering,-1.4785988,1.5896996
clammy,-1.5303439,3.3652556
clamoring,2.2551682,-1.4766026
clamped,-0.3186761,1.7240994
clang,-1.7693385,1.8858552
clanged,-1.3481306,0.65450597
clanging,0.796491,0.881678
clankers,0.6982711,2.1965127
clanking,-2.2897174,2.347133
clap,-1.1254948,2.0541468
clapped,-0.25577462,0.9521987
clapping,-3.9496374,-2.2761436
clasp,-2.2485764,1.095828
clasped,-0.065406606,1.5568103
class,-0.43912926,-1.2519479
classes,-0.37745953,-2.004881
classmates,-2.0399892,0.49462622
classroom,-3.5438194,0.6225055
classrooms,-2.288088,3.342603
clatter,-1.4284511,0.7465822
clattered,-3.514211,-0.06262311
clattering,-2.3673646,1.4784664
claw,3.8395216,-0.46186528
clawed,-1.9174098,3.3553767
claws,-1.1216794,1.7899476
clean,-3.5892282,-0.31193516
cleaned,-2.3229585,3.8114471
cleaner,-1.5449004,1.0513105
cleaning,-0.59249586,-1.1724854
cleansweep,-0.0306692,-2.0144746
clear,-0.32023826,0.5590868
cleared,0.3308396,0.2692142
clearer,-0.6334606,-0.52809274
clearing,-1.7857219,0.88330126
clearly,0.72970617,0.75336206
clearwater,-0.38229364,0.20514822
clenched,0.4238328,2.0393972
clever,0.17608781,-0.75135267
cleverer,2.6473055,0.739854
cleverest,0.84732604,-1.873432
click,-1.8247396,1.6024597
clicked,-1.2130076,1.4565657
clicking,-2.6364737,-1.235453
cliff,-2.0996807,0.60190225
climb,-1.4677273,0.9729372
climbed,-2.1214652,1.3767877
climbing,-1.2479634,1.008395
cling,1.7489775,0.25906298
clinging,0.1471263,1.9183072
clinking,-3.336197,-2.0070145
clipboard,0.08318493,0.5731095
clipping,0.16778632,1.9863015
cloak,-0.77021515,1.1806415
cloaked,-1.0047126,1.452863
cloaks,-0.85620725,1.2200181
clock,3.3461747,2.701008
clockwise,-2.2094646,-0.43422854
close,0.103745826,0.6846615
closed,-0.18448326,1.489792
closely,0.4202609,1.5171868
closer,-0.15142265,1.1378725
closest,3.9879649,1.1217132
closet,-3.55611,1.1098
closing,0.41838548,1.575463
cloth,-0.4459343,2.3756497
clothes,-0.9129316,2.5767648
clothing,-1.905654,0.45628792
cloud,-0.75181013,3.3154564
cloudless,4.0043025,1.2878425
clouds,-0.41813567,3.6553621
cloudy,-2.2561073,2.9935355
club,-1.2830358,0.32608402
clubs,-3.7523313,0.89179385
clue,0.8231702,-1.1878192
clues,-0.089852415,-1.674629
clump,-2.967705,1.9483666
clumsily,-2.7417037,1.8445863
clung,-0.7520239,1.7244685
clunk,-1.945985,1.1177244
cluster,-2.5583608,0.921931
clustered,3.510518,-1.8399682
clutch,-1.0067084,2.3846548
clutched,-0.24833924,1.961228
clutches,-1.7991126,0.67356086
clutching,-0.47843176,1.792417
cluttered,-1.2641021,1.6957281
cmon,-0.01777757,0.57969874
coach,-2.9744637,0.79811716
coast,-1.6790571,0.2430667
coat,-0.28048763,3.4759204
coated,-3.5108027,1.8445115
coats,-1.3785435,-2.6661139
cobbled,-1.9217576,1.363323
cobwebs,0.034795187,4.2844567
cockroach,-0.032372512,-3.6236928
code,-0.483725,-2.8668702
coffee,-2.012886,-0.850608
coiled,0.64564216,4.141577
coiling,-0.04891976,3.4340334
coils,0.33649015,2.7413929
coin,-0.78906155,-1.6687403
coincidence,1.6663014,-0.06334064
coins,-0.44022748,1.9349198
cold,0.17992218,1.3095646
colder,0.30254138,-1.7588698
coldly,0.73880905,0.31555662
cole,-0.46414006,0.5196034
colin,-0.9031402,-0.13721132
collapse,-0.8654589,-1.7098746
collapsed,-3.8465016,1.9107144
collapsing,3.048216,-1.6736622
collar,-0.83960354,2.9378393
colleague,1.7305202,-1.6327847
colleagues,2.090639,-1.2316382
collect,-0.57474124,-2.3956351
collected,-1.9238409,1.3378582
collecting,-0.7318839,-0.68649423
collection,1.290516,4.0438504
collide,-0.942674,1.8285745
collided,-0.49185175,2.528344
color,0.93381447,2.482932
colored,-1.428969,2.6839666
colorless,0.61238223,3.3118896
colors,-2.6204047,-0.8173753
column,2.725404,-1.3541905
comb,-2.0042784,4.184317
combat,-1.3533772,0.26503465
combination,-0.101534426,4.7453322
combined,-2.4329288,0.18524735
comes,0.37399742,-0.6578052
comet,-2.806643,0.41874984
comfort,4.215721,-0.75395703
comfortable,1.0423713,0.43582052
comfortably,2.285419,0.45384547
comforting,2.441028,-0.36186022
comical,-2.7510033,-1.6049254
comin,0.119703956,-2.4033873
coming,-0.5454449,-0.22787909
command,1.889181,0.51289046
comment,2.6752164,-0.18980952
commentary,-3.1342611,-1.3463535
commentating,-2.470566,-0.7408634
commentator,-2.5548825,-0.21306515
comments,2.237998,1.436787
commit,1.0426348,-1.902908
committed,-1.2328104,-1.4414006
committee,0.44207066,-1.1452051
common,-1.1437899,0.3414033
commotion,-1.1266001,-0.960218
communicate,3.3194513,-1.3825436
communicating,-0.18071693,-1.6481897
communication,0.45748857,-2.5280685
community,1.7171589,-1.4304882
companion,3.6682718,-0.35068983
companions,1.0436833,-1.5602211
company,-1.4273239,-3.4920774
compared,3.3566086,-2.0993714
compartment,-1.1547371,0.63941526
compartments,-1.6037235,0.1352218
compass,-2.5601048,3.507046
compete,0.80860835,-1.238311
competing,-1.470954,-2.4854958
competition,-0.14967637,-2.158283
complain,-0.44316107,-0.35257992
complained,-2.6677384,-1.3831286
complaining,-2.563596,-2.0890024
complaints,1.1665988,-0.45420602
complete,-0.39349952,0.4972661
completed,-0.43683815,2.537981
completely,0.20742445,0.6170956
complex,1.545291,-0.13453399
complicated,1.0918031,-3.3015575
composed,1.0142355,1.4732745
composition,0.36229503,-2.5972817
compost,0.085469,-2.374296
comprehension,1.8021648,1.9571218
comprised,-2.5735698,1.8521549
computer,-0.590753,-2.2079387
conceal,0.861643,1.0494043
concealed,-1.3397889,0.8090615
concealing,0.95155233,0.5269391
concealment,0.013940649,-2.9993854
concentrate,0.48313594,0.056754272
concentrated,-2.6813607,3.5376453
concentrating,-0.058713377,-0.63509274
concentration,0.65033746,0.90955275
concern,1.2314359,-0.77781683
concerned,2.9862258,1.874012
concerning,3.300881,-0.06431113
concerns,1.5071439,-2.8784626
conclude,0.4626001,-1.3592465
concluded,2.3676913,-1.7389172
conclusion,0.17567915,-0.28180403
condition,1.7451683,-0.27796608
conditions,-1.1960425,-1.0617195
conductor,3.1083088,1.178579
confederation,0.29719445,-1.2038943
confess,1.6563064,-3.0631895
confessed,1.9050704,-1.3134844
confession,1.4451606,-0.98272705
confetti,-0.295034,2.00795
confide,3.0325577,0.9420421
confided,0.48920453,0.5154966
confidence,0.46385244,-0.80824447
confident,0.18707483,-1.0141748
confidently,-0.89381844,-0.48494244
confined,-1.3022101,-2.1824658
confirm,0.7518574,-1.0382756
confirmed,2.582502,-0.43782207
confiscate,1.4164588,-2.6062875
confiscated,3.9002194,0.61473376
confunded,1.4859813,-2.841747
confused,-1.8986089,-2.5850415
confusing,-1.6814747,-3.1195471
confusion,-1.0851325,1.0295827
congratulate,-3.9040782,-1.2806422
congratulations,-1.0842576,-0.2749329
conjure,1.7191745,-0.37303823
conjured,-0.14291254,0.6665621
conjuring,-0.64081264,1.3500247
connected,0.57834876,0.9040017
connecting,-1.417831,0.724002
connection,2.608535,-2.7086577
conquer,1.0870752,-0.33300695
conquered,0.98050517,-1.5263072
conscience,-1.544552,-0.35560837
conscious,-0.31332788,0.51586026
consent,2.3156996,-1.2131921
consented,2.1120746,1.1227797
consequences,1.7699193,0.7755224
consider,1.0435798,-4.071853
considerable,-1.8045595,0.5574584
considerably,-1.6408095,-2.1574638
considered,0.6804154,-0.25100994
considering,-0.7644822,-1.1769265
consolingly,-1.4354765,-1.0401148
constant,-4.118169,0.51576495
constantly,1.802204,-0.2877396
constricted,0.70505774,0.96907365
constrictor,-2.7563505,1.3704654
consult,2.6295788,-0.037572827
consulted,4.5045896,-0.41259262
consulting,1.9731396,2.84549
consumed,-2.1905446,-2.1969872
contact,1.1411214,-0.5534414
contacts,3.2117965,-2.3787553
contagious,2.6741006,-1.4412576
contain,2.7359824,0.6788961
contained,1.173617,-0.62526834
containing,-0.4422855,3.2340548
contains,2.1373155,3.118489
contemplating,-2.640098,-2.3454778
contempt,1.7366927,-0.114638746
contemptuous,-0.19513585,-3.7955983
contemptuously,-2.2047381,-1.8993112
content,-2.4551082,-2.9618633
contented,-0.21196294,0.97566116
contents,2.6069527,-0.28243056
continually,2.0241473,0.9580769
continue,1.9884762,-3.3714392
continued,1.4718678,1.1781417
continuing,0.7547603,0.3895526
contorted,-2.1095462,-0.17557897
contract,1.1587236,1.6028088
contracted,1.3506408,2.2339094
contradict,-3.5627346,0.5496861
contrary,0.9258857,0.2902596
contrast,-1.9989475,-2.2281857
control,1.2909606,-1.447315
controlled,2.0072424,1.2046117
controlling,-0.33018678,-1.6801872
convenient,2.5907662,-1.253497
conversation,0.13946293,0.10628953
conversationally,-0.98969185,-0.7721
conversations,0.5550714,0.5103914
conversing,-3.4628465,1.2989761
convicted,3.3053422,-0.615655
conviction,1.7853636,-1.0191004
convince,0.87708473,-1.6080111
convinced,1.2746866,-1.6619645
convincing,-1.0209271,-3.3263278
convulsively,0.2811618,1.71741
cook,-2.880043,-2.3023734
cooked,-1.2601458,-0.33176318
cooking,0.9241454,2.9160874
cool,-3.1929677,-1.06323
cooler,1.7711964,-0.2718061
coolly,-0.7122949,-3.1346967
cooperation,-0.032078914,0.5744596
coote,-3.4029856,-0.84339577
cope,1.1514579,0.24455194
copied,1.6390219,-2.1357229
copies,1.538041,-1.8767775
copper,-1.3215078,2.7395308
copy,2.5063622,-2.5946264
copying,1.3512955,1.8393952
copyright,-2.376665,-3.1435544
cords,-2.3132727,3.0064158
core,1.4021902,0.126809
cores,1.5295107,-0.11571202
cork,0.07493506,2.7640364
corked,1.3221511,3.2500162
cormac,-0.6293146,-3.863651
cornelius,2.0127673,-0.30080238
corner,-0.7972088,0.97445107
cornered,-0.41754502,-1.3925058
corners,2.160414,-0.15329148
corpse,1.8177803,3.2675383
correct,1.340416,-0.26914313
corrected,-0.3708905,-2.4078777
correctly,2.6018653,-0.83135784
correspondent,0.18805441,-1.3451465
corridor,-1.6029356,0.79600537
corridors,-1.6144755,-0.038994294
cost,1.043449,-1.0394903
cottage,-0.36175263,0.05380684
cottages,-2.0777757,-3.3977158
cough,-0.03556595,0.22541802
coughed,-2.7072752,1.6514754
coughing,-0.72229636,1.749981
couldn,0.42112365,-2.255013
couldve,-0.11045076,-1.4083395
council,-2.3973708,-2.1119611
count,-0.26516977,-0.55060786
counted,1.6736246,-0.20076449
counter,-0.99245954,0.33500996
counterclockwise,-3.22363,-0.053906783
countercurse,-2.5013778,-2.035469
countercurses,-1.9873929,-1.6816247
counterjinx,2.5810802,0.3976179
counting,-0.39900383,-0.17143826
countless,1.0044659,-3.2503905
country,0.071806006,-1.0821854
countryside,-2.3331466,-1.360926
couple,-0.2636161,-0.75961894
courage,0.8045952,-1.4501994
course,0.65265614,-0.58624595
coursing,1.1386919,0.12098018
court,0.8290399,-0.3637301
courteously,2.718374,1.8699073
courtesy,4.0654745,-0.5042948
courtroom,2.5851142,1.4045258
courtrooms,-3.7012873,-1.5432233
courtyard,0.02843963,1.55539
cousin,0.90294373,0.5088706
cousins,-4.026552,-2.3122067
cover,-2.6235914,-3.1494346
covered,-0.97540814,1.9429687
covering,-2.4837737,3.4660306
covers,-1.0135014,1.072835
cow,0.39780357,3.144677
coward,0.6503731,-0.41257355
cowardice,0.3539253,-0.8200856
cowardly,2.7138507,-0.22715926
cowering,-1.492351,1.2302666
cozy,-1.3377093,-0.43165696
crabbe,-1.4158062,0.09311019
crack,-2.050207,0.3824884
cracked,-0.7053484,0.8988599
cracking,-1.71726,-2.19454
crackled,-1.6552303,3.119855
crackling,-1.9097128,1.1250229
cracks,-1.3061907,3.2390325
cradling,-0.97259206,2.3115075
crammed,-1.1460242,0.46793693
cramped,0.90056604,-2.9956994
craning,-1.1036276,-0.6529679
crash,-1.1585509,0.75254935
crashed,-1.9452312,0.31319505
crashes,0.74901617,3.1544151
crashing,-1.1078869,0.35190013
crate,-1.428538,2.2912629
crates,2.8799,0.093925446
craving,1.9320664,-0.2932614
crawl,-1.4203174,-2.5797737
crawled,-1.7501838,0.9925386
crawling,-3.190942,1.5644803
crazy,3.8079996,1.6858575
creak,-1.9918724,0.6317433
creaked,-1.2409766,0.9313359
creaking,-1.892366,1.4553354
cream,-0.10888796,1.7260047
creams,3.9522374,0.13055582
crease,0.79211235,1.7328057
create,4.35032,-0.60574996
created,3.0480733,0.33388042
creating,1.8043457,2.5383976
creature,0.107725896,0.8374036
creatures,1.5483164,-2.0831788
credit,2.0102584,-0.6786909
creep,-0.37764466,4.581547
creeping,-2.0901146,-0.3746109
creepy,-0.19970737,4.1854906
creevey,-1.3159102,-0.22743227
crept,-1.6591417,1.1532907
crescent,-2.3226676,1.2067969
cresswell,-0.22447948,4.762022
crest,2.8012676,2.2565572
crestfallen,1.7044708,0.41231993
crib,-0.45678052,1.840602
cried,-0.1528173,0.022382433
cries,0.30886123,-3.3479202
crime,0.9500659,-0.8095032
crimes,2.211024,-0.044896565
criminal,0.61469585,-1.7524928
criminals,1.3894552,-0.52499133
crimson,-1.6371099,3.4326878
crinkled,0.66646636,1.8553089
crisp,-1.6824026,0.40810668
crisply,-1.1868985,0.23399524
criticism,-1.0618548,-0.85986507
criticize,0.28314024,-1.2632569
criticizing,-1.5676714,-1.3859231
croaked,-0.52254826,-0.6397631
croaky,0.58519375,0.15104349
crocodileskin,-3.3272572,0.93587273
cronies,-0.22552644,-3.1754336
crooked,0.089591995,1.9426672
crookshanks,-0.7491978,1.1504617
cross,-1.4521943,-1.37076
crossbow,0.24027254,1.5646914
crossed,-1.5495872,1.0093966
crosseyed,0.7651233,4.7379203
crossing,-2.1792254,0.34138083
crosslegged,-1.7181567,1.7264067
crossly,-1.0264493,-3.246482
crouch,0.9448745,-0.050611515
crouched,-0.8488193,1.338832
crouching,-3.87311,2.5626454
crowd,-2.0965784,0.5518217
crowded,-1.4830234,0.47493115
crowds,-2.0969765,0.49169722
crown,1.1792471,3.2015254
crucial,1.6545488,-0.46164408
cruciatus,0.77764475,-0.92428094
crucio,0.43621215,1.0262991
crude,-1.0800546,-3.2648592
cruel,0.9745462,0.62274545
cruelty,0.61842734,-1.1230938
crumble,4.029813,0.6398847
crumbling,1.5271446,-3.0391448
crumpet,3.3053617,0.3345648
crumpled,-0.49420625,1.468527
crumplehorned,-0.81143105,-2.176385
crunch,-2.521544,1.0393621
crunched,-1.9563016,2.9445193
crunching,-3.4063988,0.14774224
crush,-1.6893134,1.4761522
crushed,0.695217,0.51811683
crushing,-0.91329974,1.5143703
cry,1.7472011,3.8387527
crying,0.15587595,-0.087191
crystal,0.14742391,3.5097756
crystalized,-2.0138264,2.150916
cubicle,-2.2713227,0.6114043
cubicles,-1.4010652,-3.8720376
cuff,-4.6053076,-0.41405156
cuffs,-3.7887986,1.0572742
culprit,3.7859895,-2.5734906
cunning,2.7711387,-2.0177183
cup,-0.9304915,-1.2389488
cupboard,-1.740339,0.959001
cups,0.55016005,-3.233452
cure,0.5323457,-0.928035
cured,-0.5025644,-0.6898355
curfew,0.4519532,-2.3712766
curiosity,1.0311351,-0.80593383
curious,1.5071487,1.0553911
curiously,0.42159685,1.3358026
curl,1.8326811,0.6099825
curled,-0.25697246,1.6205028
curling,0.9796653,2.1535327
curls,0.49113357,2.0522323
curly,-0.0014669806,2.7603683
curlyhaired,2.5824788,-0.25937235
current,3.4306183,-1.7629849
currently,1.746396,-3.6357691
curse,0.5999073,-0.3242299
cursed,-1.7193149,-0.8587461
curses,0.32859156,-0.14972721
cursing,-1.0979459,1.2226048
curt,1.4882942,1.4950038
curtain,-2.0173576,1.6819725
curtained,-2.2803993,2.1475105
curtains,-1.8081193,2.197527
curtly,-0.40306532,-3.9819298
curved,-0.49151424,2.901825
cushion,-1.6718898,2.482436
cushions,0.8143147,-2.7363684
custard,1.432036,0.7835316
customers,-0.78765434,-1.7817938
cut,0.12233139,1.1638855
cute,-0.81089216,-1.4487475
cutlery,-2.4975278,2.2825718
cuts,-3.845437,-0.30791262
cutting,-1.1082946,-0.31760046
dabbed,0.7724996,2.691486
dabbing,-0.088968456,4.134814
dad,0.17867808,-0.78477067
daddy,-2.784,-0.7872831
dagger,1.3124801,1.6468334
daggers,2.4895709,-3.409509
daily,1.989511,-2.1248403
dais,-1.2520212,1.3571056
damage,0.40553012,-0.6186719
damaged,3.239191,-0.0068809125
damn,0.15178496,-1.1143485
damp,-1.5810821,2.7725515
dance,-1.5491534,0.65888584
danced,-3.8680215,-1.2443004
dancing,-0.538828,2.3880763
danger,0.47414196,-0.48258385
dangerous,1.4179927,-1.2871163
dangerously,-0.020847484,0.813098
dangers,2.6668434,-1.9806342
dangled,-2.688089,1.1100515
dangling,-1.7193627,2.6464524
dank,-1.8106616,3.0326576
dare,1.2889588,-0.06953889
dared,1.277777,-0.62385863
daresay,3.3644943,-1.8071927
daring,-2.3529873,0.22493298
dark,0.61718243,-0.3605459
darkened,3.6884658,1.4190601
darkening,-2.4180703,1.7923199
darker,-1.8414308,1.1465288
darkest,4.1717186,-0.07055781
darkhaired,1.3100415,1.4212682
darkly,0.29851216,-2.184427
darkness,-1.0888095,1.3604434
darling,-2.153775,-1.7017086
dart,-0.06426218,2.460415
darted,-0.92166907,1.2594346
darting,-0.22594152,1.0071664
dashboard,-2.921788,-0.41841897
dashed,-1.7674247,0.9285677
dashing,-2.333368,0.6255711
date,-0.038161147,-1.2308625
dates,2.6154528,-2.7289283
daughter,-0.68911374,-0.21864264
davies,-0.7019803,-1.4675721
dawlish,1.0096285,0.8354042
dawn,-0.52618855,-0.49654347
dawned,-1.0471121,-0.8309641
dawning,1.6506394,1.3075764
day,-0.22416036,-0.7492579
daybreak,-1.140501,-1.8746259
daylight,-1.2076657,3.056429
days,-0.099783406,-0.83602893
dazed,-0.39220822,-2.8596916
dazzled,-1.6539365,2.7661963
dazzling,-0.05360051,3.2087157
dead,0.1987975,0.24307431
deadly,-1.8540146,-0.30372915
deaf,1.1396651,-3.0571787
deafening,2.7713315,0.82625234
deal,1.4714484,-0.9190783
dealing,1.558226,0.99068403
dealt,2.0257258,1.01341
dean,-0.9370265,-0.29078352
dear,0.14021008,-0.28391716
dearest,-0.19337963,-2.1654537
dears,-0.70035946,0.033675816
death,0.5207392,-0.11178701
deathday,-0.7587742,-1.4540274
deathly,3.0851707,-0.96056855
deaths,0.7836639,-0.38524806
deathstick,2.3700888,-1.1041592
debating,-2.8854785,-2.9973338
debris,-0.940033,2.3882427
december,-0.83946335,-1.7653981
decent,0.04788201,-0.9402986
decide,0.68650764,-1.2856927
decided,-0.12336553,-1.2068462
deciding,0.90549386,-0.7104036
decision,0.6553856,-0.31452915
decisions,0.6087397,0.5222949
deck,-4.185434,-0.2838899
declare,1.0363117,-0.49755138
decorated,-3.0541124,2.081885
decorations,-1.0092984,-3.4165847
decoy,-1.362173,0.8148954
decree,1.0387226,-1.040334
dedalus,-2.5147939,-3.1684005
deduced,1.9405485,0.5313361
deep,0.07769957,1.4059845
deepened,0.49904084,2.5198498
deeper,-0.09844629,0.84604883
deepest,3.51845,-1.1620035
deeply,0.5718552,0.71172476
defeat,3.236028,0.28492445
defeated,-1.9099027,-1.4479952
defend,0.5615929,-1.0178794
defending,-1.6051757,-0.4668803
defense,0.72095567,-2.2523632
defenses,1.3695053,-1.2064548
defensive,1.4896281,-1.9038451
defensively,0.23572464,0.18772961
defiance,1.2933831,2.3508034
defiant,2.517833,1.7719182
defiantly,0.089406766,0.6811318
defined,2.359,1.8762453
definite,-0.26216918,-0.5884599
definitely,-0.5959557,-1.8373994
deflect,1.0137961,-1.0164326
deflected,1.907922,0.5662033
degrees,-1.647699,-0.9344416
delacour,-4.0336123,-1.4464476
delacours,-1.8034801,3.030547
delay,0.16577765,-4.7884455
delayed,-0.41447806,-1.3543066
deliberate,-1.5022389,3.6716967
deliberately,0.8317284,0.91586083
deliberation,0.097807676,0.63803697
delicate,1.873301,0.5667623
delicately,1.450121,0.8751914
delicious,3.1658182,2.607095
delight,1.5619695,0.73705655
delighted,0.9311161,-3.2395253
delightedly,-3.6525958,-2.4754229
deliver,1.3734207,-1.8430508
delivered,-1.5752385,-2.1611328
delivering,-1.5332743,-2.3605168
delivery,-0.40337938,-0.9453818
deluminator,-0.9875754,-0.89248115
demand,0.38214466,3.5993884
demanded,-1.1641732,-1.8703254
demanding,1.8140744,2.6889272
demelza,2.9649339,-1.1520392
demented,0.14424175,2.520202
dementor,-0.28810912,0.38369817
dementors,0.28056532,0.050765194
demolished,2.6045542,-1.5521224
demonstrate,-0.23559839,-1.7488376
demonstrated,0.56479144,-3.3884196
demonstrating,-0.90740895,-3.381755
denied,3.8380523,-0.76126343
dennis,-2.859658,1.2603039
dense,-2.3630638,2.4719543
deny,0.9593868,-0.42288977
denying,3.1791465,0.14155668
depart,-1.098921,-1.3777725
departed,-1.4823712,-0.31644133
department,2.1677976,-1.0540694
departure,-0.52696085,-0.6262656
depending,-0.017471496,-1.3508425
depends,-1.4616491,-0.8844256
deposited,0.1608608,3.3647144
depressed,-1.2179047,1.190644
depressing,2.7817483,-1.1459101
depths,0.43898696,2.7259994
deputy,-3.096608,-3.1208491
derisive,-2.262711,0.6600836
derrick,-2.3545787,-0.41552582
dervish,-4.8310328,-0.9606299
descend,-2.243209,1.3925283
descendants,1.040564,-1.2171586
descended,-1.491459,0.96437305
descending,-1.8801402,0.7279475
descent,3.024458,1.5083848
describe,2.4426513,-2.600169
described,-3.0376906,-0.88096434
describing,-1.3044766,-1.3916627
description,-3.624026,-2.514321
deserted,-1.6482873,0.6031338
deserve,-0.22207937,-1.6675197
deserved,-0.18995038,-0.961261
deserves,-0.14060429,-1.9885805
desire,1.2369423,-0.06288295
desired,2.1509132,-1.2209195
desk,-0.7069982,1.6199085
desks,-1.4062804,1.1570445
desktop,1.4585229,3.7938178
despair,0.8980194,-0.5681786
desperate,0.52090925,-0.4689422
desperately,1.3064302,0.22212833
desperation,0.38023338,-1.8245643
despised,2.658511,-3.1206646
despite,0.5631366,-0.06890768
destination,3.099429,2.823119
destiny,1.7538005,1.1197978
destroy,0.673437,-0.16268039
destroyed,3.0725112,-0.6503941
destroying,1.9077841,-0.91119653
destruction,-4.503859,-0.33545226
detached,-3.2880986,1.540662
detail,1.1424162,0.1743332
detailed,-1.1459767,-0.6241604
details,1.7914269,2.7801106
detect,1.6406281,-0.06495258
detected,0.3842367,-1.9046926
detection,1.2444917,0.18087128
detention,-0.70060414,-1.4506595
detentions,-0.8599547,-1.6047599
determination,2.0718186,-1.1175483
determined,1.3629485,-0.28554085
determinedly,1.8096375,-0.44835404
detour,3.4019744,-2.275376
devastated,3.3776433,2.0978935
develop,1.8823066,-1.1913443
developed,2.7994144,-3.279897
developing,-1.0768466,-1.7399129
devil,1.0860529,-4.658811
devoted,0.9139192,-2.097711
devotion,3.154077,2.6570194
diadem,-1.5435036,-0.95340043
diagon,-3.3485804,-2.43139
dial,-3.4296591,-1.166582
diary,1.7679197,-0.5676799
diddy,1.1102866,-0.19725917
didn,0.31469828,-2.3745012
die,0.76454264,-0.6943423
died,0.82945174,-0.46777093
dies,-0.34437695,1.6334231
diet,-0.8809734,-1.1635301
difference,-0.8020401,-3.9403455
differences,2.6921852,-1.1591157
different,-0.21583419,-0.08446042
differently,-0.26706016,-3.7152588
difficult,1.0566988,-0.46759337
difficulty,2.198885,2.0709357
diffindo,1.1758714,4.330597
diffrent,0.37392935,-2.554535
dig,-0.014102372,3.8746185
digging,-3.0538187,3.3192046
diggle,-2.6255562,-3.2641947
diggory,0.16922785,0.6275926
digital,-2.1978102,-4.1360765
dignified,0.109354556,-4.7852154
dignity,-2.3931992,-3.1375482
dilys,0.9711489,3.2234201
dim,-3.8552089,1.1078098
diminished,0.009238941,0.9580506
dimitrov,-4.101872,-1.6644181
dimly,-2.7771313,3.8945115
din,-2.7493937,-0.7136744
dingy,-2.7579048,1.723853
dining,-1.7001294,-0.559607
dinner,-0.8772351,-1.377066
dipped,-0.018520392,2.140246
dippet,3.1398325,-0.88629
dipping,-0.6899801,3.076569
direct,-0.8280685,-4.419002
directed,3.5742981,2.5812898
direction,-2.7136686,-0.89195
directions,-1.1087476,0.52449405
directly,0.27078098,1.8954625
dirk,1.2490395,-0.788435
dirt,0.61000687,-3.8919086
dirty,-3.322546,1.4998538
disagree,1.6646072,-0.018744573
disapparate,-1.303499,-0.18210535
disapparated,-3.8618271,-0.84858805
disapparating,-0.8762069,-4.4108305
disappear,-0.9435868,0.5437871
disappearance,1.4246104,-1.8988957
disappearances,2.2762754,-2.2856705
disappeared,-0.9142111,0.23474197
disappearing,-1.4872668,-1.3470634
disappointed,1.7863947,1.0557547
disappointment,1.753633,1.0757664
disapproval,1.9785744,2.0522587
disapproving,1.0141479,-2.7282822
disarm,-3.8864064,0.5468691
disarmed,0.49636912,3.3932486
disarming,-0.5478596,-2.4643614
disastrous,-0.5488494,-3.874479
disbelief,-2.2779982,-2.94595
disbelieving,-3.2380884,-3.2236
discarded,-3.8492699,-1.6581793
disciplinary,3.0156522,-3.298769
discomfort,0.61988497,-3.940242
disconcerted,-1.1435822,-3.9383233
discouraged,1.0213902,-0.26731473
discover,-2.0320957,-0.9379967
discovered,1.0907017,-0.3462331
discoveries,-0.33478796,-2.7240708
discovering,1.9713786,-0.5872561
discovery,2.7662551,0.20530045
discuss,2.576799,-0.6575151
discussed,2.7796319,-0.067729004
discussing,-0.17660828,-0.19140632
discussion,-1.1558553,0.3259087
disdainful,0.9655326,1.2020307
disembodied,2.712867,3.5508213
disgruntled,-2.8584874,-0.96974975
disguise,-1.6575384,-1.5142753
disguised,-0.8587334,-0.40886828
disguises,-1.1870726,-1.3098252
disgust,0.4131003,0.5665749
disgusted,-2.6733093,3.9699993
disgusting,0.0969758,-0.009517769
dish,-1.3559631,0.83854926
dishes,-1.4627529,1.6005768
disheveled,-1.2821846,-0.8423463
disillusionment,-1.1434828,0.39636776
dislike,0.3425926,-0.026085902
disliked,0.65527344,-2.5403438
dislodged,1.928194,0.38228863
dismissal,-1.0612394,1.3267292
dismissed,2.3613153,1.5906848
dismissively,0.76961935,-3.9584806
disoriented,-0.33889315,3.0441744
display,0.8172064,-4.049935
displaying,3.5870106,1.4027468
displeased,-1.0537603,-1.6683567
displeasure,3.7158568,2.630086
disposal,1.6317067,-1.3969256
dispose,2.331348,-0.07032256
disposed,1.71782,0.83151996
dissolved,-1.4232867,-0.31447917
dissolving,1.1671584,2.835002
distance,-1.798873,0.41942546
distant,-0.86602193,0.8345543
distantly,-1.5282044,-3.7143354
distaste,1.1442523,1.2976375
distinct,1.364812,0.12017112
distinctive,2.1141198,-1.692388
distinctly,1.2479608,2.320802
distinguish,-2.6036248,2.9234715
distorted,0.7004861,1.9188697
distract,3.8859437,0.8843254
distracted,0.17933993,0.27114916
distractedly,-0.07923974,0.12592365
distracting,-2.875512,0.3629906
distraction,1.6653314,2.09576
distressed,-1.3809446,-2.1908393
disturb,3.1250484,-3.3900452
disturbance,2.81157,-2.272253
disturbed,1.4443008,-0.97987986
disturbing,1.2493516,0.074057154
dittany,-0.995711,4.646649
dive,-0.8190229,1.5831248
dived,-0.9439756,0.46746024
diversion,-1.6796048,-1.6068712
divide,1.7254947,-0.27629077
divided,2.398677,-3.9410071
dividing,3.397789,0.111772574
divination,1.6249362,-3.5634487
diving,-3.6362786,0.93007815
dizzy,-0.88127035,-2.1011815
dobby,0.36333346,0.10657931
dodged,-1.9030577,2.3028574
dodges,-2.4692874,-0.9579011
dodging,-4.3278437,0.25711837
dodgy,-0.1218885,-3.9316926
doe,-3.2319825,-0.7103831
doesn,0.015207819,-3.3843784
dog,-2.0427492,1.5102409
doge,1.7793403,-0.45750946
dogs,3.1623998,-3.4193795
doin,-0.15772283,-3.1647608
doing,0.115792856,-0.4383381
dolohov,1.1553667,0.85438675
dolores,0.6376083,-0.17814007
domed,-1.4215491,2.7366939
don,-0.0020492831,-3.2917557
done,0.30365807,-0.43441918
door,-1.1627367,0.9363092
doorbell,3.7788408,1.9139159
doorknob,-0.36683023,2.0349355
doormat,-3.160953,-0.26532596
doors,-1.803984,1.1880378
doorstep,-0.79492664,-0.72336155
doorway,-1.6712135,1.2877188
doorways,-1.7846634,0.31676513
dora,1.5875963,-1.6585916
dormitories,-3.1194394,0.6209226
dormitory,-2.7785583,0.68446493
dose,1.9205892,2.053281
dot,-2.0358639,-1.8241295
dots,0.29296094,3.7445056
dotted,-2.8823972,2.967569
double,1.9569476,3.1125834
doubled,-2.2283947,-0.50706905
doubt,1.2173333,-0.3811268
doubted,0.49703974,-0.5785351
doubtfully,-2.690972,-1.8115292
doubts,-0.82490915,-1.5367223
downfall,1.4240937,-0.047516916
downpour,-2.12185,-0.7118347
downright,1.0259244,-2.7243748
downstairs,-2.854489,-0.11883835
downward,-0.31516522,4.6429505
doxies,-3.2245176,0.5012137
doxy,1.6592515,1.002201
dozed,1.3135569,0.024551941
dozen,-1.430762,0.22629906
dozing,-2.0223284,3.1238844
draco,0.5914744,0.19075847
draft,0.52949136,3.8588083
drag,1.1444579,0.15397501
dragged,-0.69925773,1.5245141
dragging,-1.058823,0.7139352
dragon,-0.48996478,-0.5628559
dragons,1.7805197,-2.6778653
drain,-2.0165944,-3.799781
drained,0.22992665,1.1936507
draining,0.25693426,4.1010985
dramatic,2.1364777,0.793043
dramatically,0.004116425,-3.1635444
drank,2.6477146,2.1261353
draped,-1.0411123,2.025169
draught,-1.8477687,0.19433685
draw,0.42303073,1.9146712
drawer,-2.0769336,1.4777184
drawers,-1.0402646,1.9779267
drawing,-1.0319186,1.2828594
drawled,-1.6087084,-1.0093983
drawling,1.0728152,0.4264962
drawn,-0.29766336,1.5263952
drawnout,-0.6391336,-2.7087066
dread,-0.678389,2.1487436
dreaded,-0.61172336,-2.1324995
dreadful,0.95874983,-1.5634023
dreading,-0.9342986,-0.9679355
dream,0.59750336,-1.1557677
dreamed,0.3180242,-0.6798562
dreamily,1.4421673,0.7704245
dreaming,-1.4208969,-0.67973024
dreams,0.03318085,-0.8267083
dreamy,-1.7422426,4.114215
dregs,-1.3713981,-1.5855106
drenched,-0.52145386,2.288224
dress,-1.1432686,2.8089406
dressed,-1.2199894,1.2301514
dresser,-1.9088795,3.8679962
dressing,-0.8654947,4.6358905
drew,0.0322253,1.8442408
dried,3.0924911,1.2086985
drift,0.2296138,-3.5289266
drifted,-2.0477896,-0.07435482
drifting,-2.1613722,1.0389775
drills,-0.9581513,-1.5240643
drink,0.17424539,-0.5041683
drinker,1.4219918,-1.5135674
drinking,0.09866308,0.29508045
drinks,0.59854776,-1.9820111
drip,0.25385967,2.6736724
dripped,3.3156526,-3.26168
dripping,0.06654282,1.8203044
drive,3.7246723,-1.7141011
driven,0.09458671,0.23846196
driver,-4.029283,2.0452836
driving,-1.1011722,-0.620682
drooble,-0.93353605,1.6989328
drooling,-0.06796454,1.1216679
drooped,-0.009026636,1.1650265
drooping,2.5148084,0.49997324
drop,-0.11441338,-0.39305893
dropped,-0.51799375,1.007967
dropping,-0.3653442,0.35453635
droppings,-4.049131,1.1585134
drops,-0.63466245,2.0404093
drove,-0.41241124,0.6132778
drown,3.3811836,-0.82876235
drowned,-0.198466,0.41569027
drowning,0.9655786,-3.574323
drowsy,1.7573518,1.0137888
drunk,1.5810479,1.1664457
dry,0.29677647,4.3625374
dryly,0.49217358,0.06610887
duck,1.072793,-1.5307649
ducked,-3.43852,0.89608645
ducking,2.2142909,1.7465216
dudders,-3.7037575,1.9857937
dudley,-0.8096553,-0.12002771
due,2.4129057,0.1173849
duel,0.76886576,-0.66966254
dueled,1.6401038,-0.8341039
duelers,-1.9342043,0.8771908
dueling,2.0661888,-2.6530383
duels,0.52445287,-1.4969534
dug,2.0972877,1.8504219
dull,-0.17399018,1.1210208
dully,-0.8045776,-2.8715773
dumb,1.4334971,-1.7342039
dumbledore,0.6379863,-0.10433019
dumbledored,0.021030737,-2.1863174
dumbledores,3.8969543,-1.0530071
dumbstruck,-3.0353699,1.9191062
dummy,0.5007899,3.5473475
dumped,-0.62693393,-1.7293642
dung,0.8905276,-0.34988987
dungbomb,-1.0571688,0.7705018
dungbombs,-3.1185641,1.1642159
dungeon,1.3175662,3.2240558
dungeons,-1.5153544,0.41478887
dunno,-0.5016123,-2.1009398
during,-0.29443157,-1.1255945
durmstrang,-1.577355,-0.39941576
dursley,-2.6494823,-0.0599287
dursleys,-0.46245816,-0.48210323
dusk,-0.24476206,-2.5831683
dust,-0.93920064,2.7409775
dustbins,-2.6103883,-0.1400996
dusty,-0.67168593,2.039473
duties,-0.5731177,-1.6796505
duty,-0.048725937,-0.88472754
dwarf,-1.6123385,0.21736537
dwarfs,1.317673,1.9118465
dwell,-1.4738176,-1.6077969
dwelling,2.2307038,-1.0707072
dyeh,0.1933178,-2.9153519
dying,1.9630196,0.037875284
dyou,-0.12075052,-0.6096781
each,-0.3732528,0.29107758
eager,1.6203812,-1.0793171
eagerly,-0.047516547,0.16128537
eagle,-2.624071,1.3941213
ear,0.50059855,0.89022785
eardrums,1.691069,0.33460328
earlier,-0.717212,-1.4962091
early,-0.7185113,-1.2133182
earmuffs,0.8041305,-4.071486
earn,-3.5488527,2.37742
earned,-3.772339,-0.4051566
earnest,2.777475,1.2898624
earnestly,-0.56702155,-2.6468127
earrings,-0.40780023,-2.826921
ears,-0.3868895,1.0174918
earshot,-1.2160721,0.16671859
earsplitting,1.1645194,1.6593426
earth,-2.0093222,3.554517
earthy,-2.1874228,1.1836754
ease,0.5518032,1.3876191
easier,0.055237185,-0.9416273
easily,0.23682465,0.044241212
east,-2.8942268,-0.0123170605
easter,-0.66196275,-1.6494117
easy,0.81199276,-0.61400867
eat,-0.8945146,-1.5036852
eaten,-0.50921017,-0.6576159
eater,0.32723653,0.24583255
eaters,0.39023256,-0.14513142
eating,-0.9620554,-0.23478141
eavesdrop,1.0838633,-1.2665435
eavesdropping,2.1998963,0.78065985
ebbing,1.563718,3.3885787
eccentric,2.4253972,-0.15903945
echoed,-1.5823429,0.55982673
echoes,0.1419935,-1.2733088
echoing,-1.216461,0.6350107
edge,-2.8709354,1.8017845
edgecombe,-0.39804476,-4.14309
edged,-3.019269,1.3811774
edges,-1.4275194,0.9255744
edging,-0.85152256,1.0916842
edition,2.1108205,-2.4719336
editor,2.2119758,-2.3350937
education,0.58096254,-2.8113146
educational,2.6652315,-0.19088002
eerie,-0.33963308,1.168057
eerily,-0.7098997,4.3445024
eet,-4.107488,-1.5336696
eez,-0.910749,-1.0954976
effect,0.3742543,0.15000543
effective,0.57992834,-3.262351
effectively,-2.9004495,-0.8997541
effects,1.6306641,-1.6832176
effort,-0.29530048,0.95595765
efforts,0.36389905,0.6237735
egg,1.0778689,2.0053885
eggs,-0.20543702,-0.2182156
egypt,-0.8122421,-0.3057869
eight,-0.27445948,4.3990574
eighteen,3.1962588,-2.513377
eighty,-1.6753445,-1.3719803
eileen,2.973807,-2.3962815
either,-0.074209936,0.059983037
elaborate,4.01606,1.0757931
elated,1.7485275,1.4263254
elbow,-0.8050169,1.230134
elbowed,0.6485677,0.7790035
elbows,-1.0856123,2.280558
elder,2.8366375,0.2292475
elderly,2.1157925,3.4815528
eldest,3.2872248,1.2588584
electric,2.7761762,0.92102647
electronic,1.7621428,-0.8283455
elephant,-2.7515128,0.050917517
eleven,-0.5129893,-0.6796534
elf,0.43985128,0.2313788
elixir,2.781895,-0.20566975
eloise,-0.8076153,-5.0330124
elongated,-2.268403,2.3938477
elphias,0.05588206,4.48981
else,0.07876191,-0.19844815
elsewhere,-0.678266,-3.41664
elves,0.51608074,-0.38601425
embarrassed,3.67747,-0.76879925
embarrassing,-0.43528622,-3.2018468
embarrassment,2.052941,1.2722008
emblazoned,-0.7847199,2.8118238
embrace,4.4156804,-0.7231955
embroidered,-0.4211718,2.368429
emerald,-0.6872852,3.120853
emeraldgreen,-0.67786384,3.2492447
emerge,1.3468233,2.9748333
emerged,-1.564703,1.0612558
emergency,1.4572951,-1.3275717
emerging,-1.7324355,1.8619018
emitted,-0.9957165,3.5560308
emitting,1.0913227,3.9592688
emmeline,-4.4630284,1.6408094
emotion,1.2011473,0.44449627
emotions,-4.09395,-2.1715782
employ,1.6712389,-1.3435893
emptied,-1.8743511,-0.759559
empty,-0.946632,1.1849988
emptying,2.518975,-0.24663922
enable,3.199987,0.9324348
enchanted,-2.144006,-1.0515634
enchantment,0.86135316,3.0178616
enchantments,0.63918585,-0.9739413
enclosed,2.1331909,-0.25594595
enclosure,-1.8944471,0.7855138
encounter,2.068699,-0.14016658
encountered,3.4038618,-2.3844635
encouraged,1.4754572,-0.5064755
encouragement,0.8571038,4.348319
encouraging,-3.1902714,-0.66044974
encouragingly,0.72619665,3.6380324
end,-0.9327414,0.33355442
ended,-1.2016355,-0.89684063
ending,-2.597379,1.3810123
endless,-1.3848526,4.276356
endlessly,0.09059883,1.0640316
endofterm,0.6355745,-3.8045826
endofyear,-1.0001588,-2.2667792
ends,0.21314746,0.63409394
endure,-1.1387824,-0.88985157
endured,-1.0522128,-2.149956
enemies,1.015274,-0.3401748
enemy,1.9270778,1.9182911
energy,-3.9207747,-0.65238357
enforcement,1.344715,2.725393
engine,-4.0150175,-0.06710552
england,0.7246321,-2.232814
english,1.1782513,-4.0905766
engraved,-1.1001445,3.7508066
engulfed,0.0060595036,2.8966854
enjoy,-0.28904966,-0.7272958
enjoyable,-0.7652124,-1.5470811
enjoyed,0.6958152,-4.167812
enjoying,-0.54481834,-0.9571178
enjoyment,1.3275111,2.7709877
enjoys,0.04656249,-0.7564521
enmity,-1.8641098,-1.3326193
enormous,-0.9087709,2.0361679
enormously,3.588561,-2.3555944
enough,0.2677976,-0.410276
enraged,-2.3182447,-0.47881272
enslaved,-2.7487702,-1.8075227
ensure,0.45247886,-0.49158704
ensured,-1.2423942,-2.428433
ensuring,1.5102277,-1.7703506
ent,3.1576197,-3.2651834
enter,1.9736282,0.38741654
entered,-0.66594,0.34319708
entering,-0.8516151,-1.1691577
entertaining,3.6786885,1.9233723
entertainment,1.4419703,1.1863385
enthusiasm,0.7811597,-3.5024824
enthusiastic,-1.8691976,-3.1743872
enthusiastically,3.4613175,2.1681461
entire,1.937893,1.5972883
entirely,0.7340645,-0.1602314
entitled,2.083658,-2.5822008
entrance,-1.4488178,0.71060264
entrances,-1.5853353,-1.1230514
entry,2.2549438,-1.8615761
entwined,-2.7433212,3.6088746
envelope,-0.39006227,2.2654848
envelopes,-2.8009517,-0.30908424
equal,2.8706686,0.41927862
equally,0.7993397,1.4914491
equipment,-0.025548602,-1.7392957
ere,1.9965911,-0.26542974
erised,-1.0154314,-1.1904297
erm,0.96869636,-2.1077492
ermione,1.1548699,1.1275375
ern,-0.77632797,0.0524931
ernie,-2.5385106,-2.1564045
errol,-0.47440687,0.90887535
erumpent,-2.1662204,-2.808057
erupt,-0.5605364,2.5695457
erupted,-2.0344987,0.029871808
escalator,-2.4053638,1.3849257
escape,0.37587142,-0.53633696
escaped,1.2538,-0.87419915
escaping,0.84968317,0.08823149
escort,2.4489639,-0.29074746
escorted,-0.7818319,-2.7966115
especially,0.5451145,-0.86885476
essay,-0.4253483,0.29523057
essays,-0.76271355,-2.92012
essence,-0.40133232,1.8997406
essential,3.2437093,-1.7927318
etc,-2.31447,-4.2345896
etched,0.6850589,1.2759234
euan,-0.9420904,0.9511277
euphoria,1.3181745,-3.7812576
evade,-2.2827895,-2.030983
evans,1.1161484,-0.23259088
evaporated,-1.3640021,4.4531946
evasively,2.6479228,-0.86444664
eve,-1.5484776,-2.2371597
evening,-0.40404963,-1.254766
evenings,-0.05721937,-1.747518
event,0.9020654,-1.8230823
events,-0.6354369,-1.2223603
eventually,1.2670792,0.47875956
ever,0.49963027,-0.42855406
everard,3.3624883,2.139392
everlasting,2.1781352,2.0268915
everybody,-0.3155205,0.07258903
everyone,-0.12859812,-0.34999236
everythin,0.18105473,-2.1810796
everywhere,0.15305634,-0.046708725
evidence,1.5873307,-1.352646
evidently,0.8394273,-0.068294846
evil,-0.3347765,-1.1346849
evryone,0.04430844,-2.6284428
exact,-4.088844,0.72463423
exactly,0.50279224,-0.16600414
exam,-0.7247537,-0.9709842
examination,0.77912414,-2.921337
examinations,1.1533641,-3.026678
examine,-0.69794756,1.1151003
examined,1.7332376,2.2897282
examiner,0.40618786,-3.1873348
examining,-1.6914887,4.4559994
example,0.14886801,-1.7021099
exams,-0.6606067,-1.5471506
exasperated,2.1930587,0.70502883
exasperatedly,-1.870421,-1.176118
exasperation,-0.49515596,-0.834123
exceeds,0.15972611,-4.4646707
excellent,-0.03282479,-0.49896201
except,0.20026778,0.20139752
exceptional,3.1773317,-3.4128332
exceptionally,1.9672494,-2.6866698
excess,1.3835158,-2.506705
exchange,1.3690046,-0.58229226
exchanged,-1.6333779,-2.6173682
exchanging,-0.39415452,-3.4048703
excited,-0.1344877,-0.34752905
excitedly,-2.5695527,-0.4077729
excitement,-3.2046027,-1.5776848
exciting,1.1343658,1.0217961
exclaimed,-1.1821196,-3.134094
exclusive,-1.8086478,-2.0085192
exclusively,2.3643374,-2.214031
excuse,0.2875172,-0.8071626
excuses,2.2211158,3.3047323
execution,2.3070526,-2.310598
executioner,-1.3040282,-3.6790845
exercise,1.4680477,-1.9971509
exhaust,-0.7154843,3.8220487
exhausted,-0.75656897,0.54384017
exhaustion,-4.129927,-0.95442635
exist,0.25013396,-0.9755221
existed,-0.9500769,2.804437
existence,1.4433484,-0.25757483
exists,2.7230759,-2.6217978
exit,-3.0063763,-0.98996735
expanded,-2.9691684,2.8747222
expect,0.18341823,-1.0099982
expectantly,-3.3374858,2.3370068
expectations,0.15244286,-4.3801665
expected,0.43113625,-0.3059966
expecting,0.6975623,0.46041393
expecto,0.43806055,4.2844305
expects,0.5809533,-3.4741821
expel,0.036913093,-1.5903593
expelled,-0.044068374,-1.3383683
expelliarmus,-0.9037484,0.67156285
expensive,-3.1055727,-1.4048004
experience,1.6718478,-2.7995143
experienced,0.939941,1.1008399
experiences,0.097832695,0.6100943
experiencing,0.8861665,-0.32236883
experimental,0.5231125,-3.1180463
experiments,1.8324932,-1.8238279
expert,2.3803754,0.47671673
experts,2.2923594,-1.3051991
explain,0.64530087,-0.8086872
explained,0.3012699,-0.43830296
explaining,-0.61452466,-0.2607571
explains,-0.70965326,-2.5385225
explanation,-0.06194496,-0.8835977
explanations,1.2508917,-1.2908492
explode,-0.35385987,-4.131404
exploded,-1.750749,0.20009083
exploding,-2.1891146,0.73058516
explore,0.3260462,-3.4542065
explosion,-4.276586,1.9043611
explosions,-3.3903687,0.96801466
exposed,-2.1987324,3.0290203
express,-1.0312332,-0.13343543
expressed,1.1967957,-0.9267974
expression,1.348943,1.0835481
expressionless,-0.27015957,1.2167575
expressions,-0.6149103,-0.38895014
expulsion,1.7730339,-1.0091727
extend,3.4175012,-2.1980505
extendable,-0.3820952,-0.8121766
extended,2.1020052,-2.6561084
extending,0.1988028,2.7985399
extent,3.06802,-0.6866319
extinguished,-1.3465483,0.48160842
extinguishing,-0.6149346,4.5377874
extra,0.21490778,-1.4620707
extract,3.4320018,0.062413726
extracted,1.3254173,2.3215845
extracting,1.042335,2.1381373
extraordinarily,2.1820235,-1.6220504
extraordinary,1.2444066,-0.01169527
extreme,1.844468,-0.19894797
extremely,-0.0631526,-0.010436737
eye,0.49583,0.63920933
eyeball,-4.1806602,1.9838887
eyebrow,3.0245788,1.3608122
eyebrows,0.46375293,1.0198308
eyed,3.0842137,-1.37578
eyeing,0.35319543,-0.22246525
eyelashes,0.057888202,3.0267
eyelids,1.7771547,1.5992837
eyes,-0.1336461,1.4484591
eyewitnesses,2.0037377,-1.7150677
fabulous,-1.2317247,-2.6308727
face,0.04851937,1.4702536
faced,-0.38693845,0.82723475
facedown,-0.84402865,2.0853133
faceless,2.7692952,0.4653802
faces,-0.238781,0.613237
facetoface,2.264895,-0.44919205
facing,-1.1676651,0.9078998
fact,0.5712882,-0.33424738
facts,0.420318,-1.5996976
fade,-3.5884154,-0.5315397
faded,0.7554569,4.154536
fading,-0.8942836,0.7810631
fail,0.12882316,-0.67007166
failed,1.188589,-2.7672944
failing,-3.7241726,0.5030131
faint,0.017308181,0.3381259
fainted,0.22252914,2.2434685
fainter,-2.8468072,4.0055804
faintest,1.5708474,1.021581
fainting,1.7514049,2.5258446
faintly,-0.5369126,-0.15491432
fair,0.6818917,-0.92002136
fairies,-2.152554,2.1362772
fairly,-1.3689296,-1.5036999
fairy,3.3713357,-1.5131845
faith,-0.50587624,-1.2218449
faithful,1.7089981,-0.6421493
fake,0.7927277,-0.7439976
faked,2.9134452,1.5153053
faking,-1.4239658,-2.2394428
fall,-2.7217155,-1.3399332
fallen,1.3152903,1.2748563
falling,-1.271352,1.638629
false,0.97261244,-0.75496906
falsely,-0.95850015,0.3737738
faltered,-0.5641491,-0.61515504
fame,2.1676197,0.80396026
familiar,0.25443307,0.421096
families,0.55563456,-0.69736814
family,1.1795946,-0.7610566
famous,0.73922545,-1.6332695
fan,-1.3682821,3.1575372
fancied,-0.28981635,-2.946266
fancies,-0.7803779,-0.65993375
fancy,2.2918808,-2.1891994
fang,-2.4305618,0.6847642
fanged,0.18120225,2.513415
fangs,0.7639791,4.631631
fantastic,1.7066276,-3.370002
far,-0.23166442,0.06901681
farewell,2.2156403,2.1150286
farfetched,2.5656524,2.0839496
farther,-1.6074415,1.0076027
farthest,2.519928,3.6905317
fascinated,-0.5042712,-0.21044146
fascinating,1.5347914,-2.047565
fashion,0.6280243,-0.03007286
fast,-0.69544595,1.0419542
fastened,-2.5282137,3.324723
fastening,-2.0160096,3.9640121
faster,1.8565892,3.2761896
fastest,-1.2951124,-0.6462059
fat,-1.6071604,3.9235048
fatal,-4.121955,-0.9626218
fate,-2.4163952,2.1151805
father,0.71607655,-0.25252175
fatherly,2.2925487,2.4319391
fathers,3.4128091,1.7062593
fault,0.51699334,-0.88604873
faults,2.05452,-2.6466548
favor,0.6282637,-1.0396248
favorite,1.4647038,-1.2336243
favorites,0.4431034,-2.076902
favors,3.0784578,-0.51844656
fawkes,-2.1562436,3.1065087
fear,0.84872156,0.49110827
feared,1.0418516,-0.651975
fearful,3.645464,1.2679662
fearfully,-1.114543,-2.3093994
fears,1.6126102,-0.49015132
feast,-1.8058804,-2.137542
feat,2.5420089,-1.3336958
feather,2.0371103,0.9773694
feathers,-1.6911619,1.785421
feathery,-0.5340313,2.5641394
feature,0.01542746,1.0629876
features,0.20928031,0.99481344
february,-1.1932096,-1.2050112
fed,4.4054446,0.13030078
feeble,0.04714582,0.44020945
feebly,1.3811214,1.9427342
feed,-0.8374233,-2.7034614
feeding,3.1264637,1.6638361
feelin,0.1191499,-3.3521173
feeling,0.3700326,0.4491081
feelings,3.6956913,1.0598794
feels,0.9745267,-3.1939328
feet,-0.75180197,1.1922266
feint,0.52298856,-1.5069017
felicis,-1.5436717,-4.3962955
felix,-1.5143838,-4.2861247
fell,-0.74289453,1.4967036
fellow,2.5015926,-1.052387
fellows,-1.221359,2.8483784
female,-3.54804,-0.3211892
fence,-2.530488,0.5926262
fenrir,0.7216925,1.0435528
fer,0.28424537,-2.3448074
ferocious,0.7069196,2.482015
ferociously,1.7620246,3.9006422
ferret,1.7032322,2.612546
fervently,0.04735344,-0.41757292
festive,-0.4135254,-2.536531
fetch,-0.20285589,-0.9564637
feverish,-3.8654158,2.3981574
feverishly,-0.29217216,0.77585167
few,-0.592997,0.50030977
fewer,1.7974964,0.30747846
fiasco,1.8953922,-1.6787167
fiddling,2.4454217,-0.14607084
fidelius,-0.7273369,-1.809524
fidgeted,-0.412769,0.56918466
fidgeting,1.3080049,0.31232005
field,-1.7360036,0.24606168
fields,2.5729253,2.867297
fierce,0.38034895,1.1240531
fiercely,0.3270073,0.062103126
fiery,0.35230315,3.2603574
fifteen,-1.0911542,-0.7977596
fifth,-0.498974,-0.92783386
fifty,-1.2070588,-0.9941957
figg,-0.35745993,-0.0055211163
fight,0.52134025,-0.08443303
fighters,-2.7812157,1.1357564
fighting,0.15289444,0.049964484
figure,-0.9510092,1.411579
figures,-1.8027914,1.0226336
filch,-0.44447747,0.2597837
file,-2.0873413,1.1349331
filed,-2.252505,1.0549333
filibuster,-2.4042733,-0.92080027
filing,-0.86948824,0.6659121
fill,-3.815744,-0.57893056
filled,0.39953017,2.0919294
filling,-0.7905781,0.40779775
film,-1.6876743,3.734817
filth,-2.0070088,-0.49183983
filthy,0.18772766,1.4249063
final,-0.91350394,-1.428145
finally,-0.38479742,0.3352823
finchfletchley,-0.5766266,0.73623735
find,0.34266987,-0.45151827
finding,0.36562458,-1.2556763
finds,0.32775694,-1.396543
fine,-0.46083614,-0.20988564
finer,-2.0721047,-1.3252292
finest,2.2808344,0.81762815
finger,-0.120564595,1.5204304
fingernails,-1.0490211,-0.4927816
fingers,-0.27013114,1.7125318
fingertips,1.8810525,2.6688306
finish,0.5796101,-1.0023384
finished,0.15242378,-0.2213828
finishing,-1.0082071,0.5250235
finnigan,-0.95950377,-0.36552542
fire,-0.5684195,1.7514237
firebolt,-1.2575223,-1.6197708
fired,2.5389166,3.2671587
firelight,0.25659886,1.3855976
firenze,1.1378324,-0.13602018
fireplace,-1.5787395,1.8741269
fireplaces,-2.4979103,1.7433124
fires,-0.53809136,-1.4923326
fireside,-2.7101746,0.7195834
firewhisky,1.6122161,-1.7842823
firework,-1.3330691,-0.26164067
fireworks,-2.532692,-0.47087198
firing,-3.1292057,2.9710662
firm,0.37946904,-4.024147
firmly,-0.08712228,0.19101648
firs,0.011068789,-2.0799174
first,-0.106929295,-0.6844286
firstly,2.0009763,-0.4630038
firstyear,-1.7581173,-0.3483127
fish,-2.2762663,2.491618
fishy,-1.1930405,-3.9053574
fist,-0.31536648,2.2167413
fistful,-0.59578025,3.128735
fists,0.7107122,1.9676393
fit,-0.47844192,-0.7295769
fits,2.325877,-1.0743815
fitted,3.917125,-0.34518608
five,-1.2308495,-0.61973894
fix,0.63054496,-1.4638902
fixed,0.9566451,2.5572767
fixedly,0.6355866,1.0873139
fixing,3.0712245,0.35448834
fizzing,0.9178433,2.2469335
flag,-1.2505926,2.6105838
flagged,-3.2727275,0.15832923
flagon,-3.2091956,3.4700267
flags,-1.943819,-1.0609523
flailed,-3.9577644,2.3254492
flailing,1.3321596,1.1779101
flame,1.1713501,0.6569506
flamel,3.727061,-2.4971344
flames,-0.45272836,2.1799262
flaming,-0.8369543,2.7630024
flanked,-2.2230968,0.8298017
flanking,-3.6444001,1.3008692
flap,1.1700748,3.3931394
flapped,-0.9451068,1.9834851
flapping,0.03444164,1.0990521
flared,-0.20952672,3.8898022
flaring,-0.9788953,-2.223983
flash,-0.6104279,3.0746658
flashed,-1.2199451,2.397415
flashes,1.8069166,-1.5083975
flashing,-0.9343912,0.9027293
flask,1.4564081,3.4643114
flat,-0.8573378,1.639493
flatly,0.19006813,-0.1710313
flatten,0.17365512,3.6704617
flattened,-3.2167995,-0.80937374
flattening,0.49813628,1.0983573
flattering,1.1280234,0.2974388
flavor,1.1074874,2.130574
flaw,3.7348936,0.82667786
flecked,-0.5829995,3.465549
flecks,-1.4252998,2.237005
fled,-3.0217443,-1.8340588
flee,1.9490038,0.65874547
fleeing,-0.86748356,0.5039955
fleet,-2.6212034,1.8284024
fleeting,-0.43057814,-0.61440295
fleetingly,1.2833898,2.1220918
flesh,-3.657649,-2.474673
fleshcolored,-0.04340732,2.8274844
fletcher,0.84971935,-0.7184238
fleur,-1.1758169,-0.27412996
flew,-1.359515,2.284994
flexing,-1.0349367,2.292567
flick,1.1879144,3.041751
flicked,1.2219071,2.0664296
flicker,2.7349706,2.1059308
flickered,-0.35994712,1.2503436
flickering,-0.31174526,1.848423
flicking,-0.69968987,1.7828906
flies,2.1371567,-2.1392689
flight,-1.6845808,0.5459338
flights,-1.9685274,0.89412874
flinched,-1.652457,-3.4382722
flinging,-3.4305284,1.4602134
flint,-2.1012795,-0.38684875
flipped,-1.5052361,3.7885551
flitted,-2.969917,-1.8123986
flitwick,-0.21948318,-0.5106776
float,2.35672,1.7507386
floated,-1.4449075,1.6586325
floating,-2.1721656,3.1019115
flobberworm,0.57597303,-1.7066405
flobberworms,-0.2839165,-2.2742176
flock,-2.3361814,1.721184
floo,0.29316998,-0.43575722
flood,0.39412045,2.7071435
flooded,-2.1694806,2.235986
flooding,-0.33418444,4.456805
floor,-1.1456931,1.648233
floorboard,-1.1760516,1.3292817
floors,-2.0075498,0.4210686
flopped,-1.67532,3.6770554
flopping,-1.74404,1.9865963
florean,-0.15506057,-1.1137701
flourish,3.504873,3.0762773
flourishing,2.2300284,-1.8356676
flow,-1.1998752,-0.150626
flower,-2.6466312,1.5087289
flowered,-0.7547293,2.400641
flowers,-0.45032114,0.13981211
flowery,-0.928651,2.292349
flown,-1.657636,2.5307145
fluffy,0.03063849,-3.8437078
fluid,-1.1747072,2.9164095
flung,-3.3812392,0.91396636
flurry,0.49989125,3.8395588
flush,2.063442,1.1905541
flushed,0.7091759,1.3429426
flustered,3.3872323,0.9892041
flute,-3.7303543,-0.03160243
flutter,-1.3177862,-0.496996
fluttered,-1.077793,1.2583749
fluttering,-0.11946675,1.0108958
fly,-0.50399536,0.038302355
flying,-1.4408942,2.2151418
foam,0.8650642,2.8605242
focus,0.71147966,0.94189084
focused,-1.7008812,-0.47163224
focusing,1.1675384,2.7476783
foeglass,1.3044887,2.945763
fog,1.5923662,2.4009805
foggy,0.2779966,2.6395748
folded,-0.84339434,1.9025961
folding,-0.06795419,-4.0765305
folds,-2.2426474,3.6013265
folk,0.7622448,-1.8594524
follow,-0.10037894,-0.1907644
followed,-0.70249206,0.35814658
followers,0.17160298,-1.3011094
following,-0.5943575,-0.46108338
follows,-1.0719968,-2.0235097
fond,0.6817442,0.1542167
fondly,-1.7372655,0.58879715
food,-0.91277957,-0.25599664
fool,3.5253408,0.01759985
fooled,1.1167768,0.4121857
foolish,4.1498632,0.30929387
fools,2.422146,-0.4402966
foot,-1.0013684,1.2826325
footfalls,-1.3043274,1.4900376
footprints,-2.4639356,0.8246742
footsteps,-1.6032107,0.66422313
forbid,-0.6471914,-3.9026933
forbidden,-1.2129323,0.48667154
forbidding,2.8864775,3.3999305
force,0.2311073,0.1030205
forced,1.9236046,0.3752541
forcefully,-0.07440869,-0.21179013
forces,1.8889104,3.4466586
forcibly,2.4785209,1.0895411
forcing,0.21406592,0.5444655
ford,1.8442652,-1.9891566
forearm,1.089173,1.9680941
foreboding,0.42170691,0.09013175
forefinger,4.383538,-0.38989785
forehead,0.50607765,1.6944519
foreign,1.5124571,1.1022176
foreseen,1.7852677,-0.70131934
forest,-1.0818443,0.6096427
forever,2.9550872,-0.8640731
forged,-0.036905997,1.8529626
forget,0.6329201,-1.2193732
forgetful,0.041313298,-0.08983931
forgetting,0.1118692,-0.37601176
forgive,0.8873227,-1.0931727
forgiven,-2.1577644,4.2547607
forgot,-0.09013883,-0.07253063
forgotten,-0.3624545,-0.2863633
fork,-0.5266646,3.980911
forks,-2.0798326,1.4580795
form,1.1014489,0.41982895
formation,-3.6726804,1.3740027
formed,-0.6869867,-0.99699223
former,2.2071195,1.8212402
forming,1.5457958,3.5212173
forms,2.0538473,-2.7913942
fortescue,0.93953896,-1.212503
forth,0.33238885,-3.9642704
fortnight,-0.56016713,-2.5188947
fortress,1.4592981,3.3009856
fortunate,2.2534096,2.5170758
fortunately,0.8469789,1.7047565
fortune,3.214812,-0.7327844
fortunetelling,-0.7695613,-1.9614251
forty,-2.113387,-0.18702859
forward,-1.0909544,1.0612026
fought,0.9430011,-0.007105661
foul,3.0430431,0.45205572
found,-0.016752811,-0.07766063
founders,1.2934918,-2.1572902
fountain,-0.71033144,2.695751
four,-1.3799922,-0.43096265
fourlegged,-2.4357302,1.8020895
fourposter,-2.8664806,2.7204752
fours,-0.9372819,3.4241374
fourteen,-1.5149686,-2.1792364
fourteenth,-1.9582559,-2.8329527
fourth,-0.63426125,-0.777604
fourthyear,-2.0770051,-0.018868033
fox,-0.9884991,4.004025
fraction,0.49132022,1.7839487
fragile,-1.9365869,3.02565
fragment,1.8809718,1.4286636
fragments,-1.0745403,2.06509
frail,0.52131534,1.2215072
frame,0.48598993,4.5786214
framed,2.389233,3.7297552
frames,-2.4074073,0.5354146
france,0.35592157,-2.085196
frank,0.36930683,0.4779882
frankly,1.9759481,-1.6958829
frantic,-2.0167136,-1.3163457
frantically,-3.2530308,2.9848711
fraud,0.23991038,-0.46577874
frayed,-0.69609106,2.6138947
freak,0.81552464,-3.926809
freckled,-1.399764,1.6881834
freckles,-1.4862392,-2.2043352
fred,-0.54738027,-0.09805635
free,-0.30986387,0.020935372
freed,1.0287285,0.59013087
freedom,-4.0357056,-1.154292
freely,3.2376554,-2.490761
freeze,-2.5827305,2.2983065
freezing,0.50038505,2.741752
french,-1.3182485,-3.9801028
frequent,3.9871252,2.2894852
frequently,3.1360507,1.220604
fresh,-3.992192,-0.044896476
freshly,-3.4181323,1.584905
friar,2.6401877,3.7799358
friday,-0.59051555,-1.4747552
fridge,-3.4423,-0.034115758
fried,-1.240408,-2.7975261
friend,0.47021228,-0.94112164
friendly,0.5652515,-0.67475957
friends,0.17163123,-0.67504764
friendship,2.382095,0.5800686
fright,0.03455046,1.6826793
frighten,0.98563206,-0.9716059
frightened,0.5207775,0.24182875
frightening,0.59684634,0.6375935
frog,-2.1957598,-3.3584836
frogs,-3.6220434,0.060626224
front,-1.1986251,1.0729136
frost,-2.8633215,2.3504777
frown,3.393624,1.3577085
frowned,-0.23467484,-0.22126047
frowning,-0.7228499,-2.6559744
froze,-0.6186825,0.9020775
frozen,0.018771788,3.9526625
fruit,-0.9796921,2.1358442
fruitcake,-0.53869045,4.1438036
fruitless,-2.5962415,-3.2755976
frustrated,-2.279637,-3.2452908
frustration,0.8646936,-0.12543592
frying,-0.40499347,1.6786737
fudge,0.7851078,-0.08895539
fulfill,1.9526995,-0.12362101
full,-0.00024429837,1.1829157
fullest,0.84161115,1.8894937
fullgrown,-0.30243966,3.7529898
fully,-0.221753,0.8786656
fumbled,0.82573885,1.3054421
fumbling,1.8103026,2.7867055
fumes,3.0286353,2.446959
fuming,-4.0844545,1.8685646
fun,-0.27429757,-0.8518512
funeral,3.889739,-1.7180748
fungi,-1.2170166,-1.0650032
funny,0.4318543,-0.22737646
fur,-0.86930686,3.8993733
furious,-0.3904716,0.108087346
furiously,-0.25274125,0.031770855
furniture,3.3552818,-1.3122826
furrowed,-2.9261699,-3.7835927
furry,-2.852063,-1.62404
furs,-1.3180063,1.8708816
further,1.8295053,-1.830015
furtive,3.2284834,0.797994
fury,1.6444029,1.9208856
fuss,-0.2601377,-0.34132066
fussed,-0.4194027,-2.1280804
fussing,-1.8689493,-1.8592861
fussy,-0.9538984,-0.3879248
future,1.9967415,-0.2965263
gabrielle,-0.13936195,4.6594515
gagged,-0.09260256,0.013288682
gagging,-1.2381793,0.8796396
gaggle,-1.1476926,0.56703776
gain,1.2482842,-1.827426
gained,2.7815382,-0.67299956
gaining,-0.14580807,-2.5391743
galleon,-0.7239044,4.616662
galleons,-2.4785094,-2.1915276
galloped,-2.0483515,1.3259029
galloping,-2.2581794,3.1126752
game,-1.3931274,-1.4203227
gamekeeper,0.40184084,-2.0641165
games,-1.2391431,-2.3139596
gang,-1.3984476,0.041454475
gap,-1.285998,0.96551436
gaped,-0.113682084,0.6595198
gaping,0.5628484,0.50362086
gaps,3.8135371,-2.0028067
garage,-3.693812,-2.2736065
garden,-1.7622495,0.34529978
gardens,-3.4144003,1.7577181
gargoyle,-1.4972194,0.21769272
gargoyles,-1.2161324,-1.2352891
gas,0.28882712,-0.2940019
gash,-0.535065,2.7524593
gasp,1.107009,4.193454
gasped,-0.25761372,0.43332738
gasping,0.2573498,1.5102931
gasps,-3.1049826,2.6042821
gate,-1.9500289,0.17014845
gates,-1.3695595,0.70856124
gateway,-0.48477268,-3.1351924
gather,0.35926592,-2.4530969
gathered,2.921412,2.9014356
gathering,-2.7075436,3.3609977
gaunt,-1.2732387,2.035478
gaunts,2.4436717,-0.620871
gave,0.2554598,0.7541804
gawping,-1.4285053,-2.133461
gaze,1.1537123,2.6814723
gazed,1.7761183,0.7792746
gazing,-0.34388593,1.4324996
gellert,2.355876,0.43805906
general,-2.893749,-0.56931853
generally,1.645107,-3.631686
generations,3.12772,-1.055047
generous,2.5951586,-3.016244
genially,-2.935067,-1.3601764
genius,0.311913,-0.89871365
gentle,1.4957981,3.4300563
gentleman,2.1936903,2.6835277
gentlemen,-4.0614786,-1.2078654
gently,0.5667088,2.5581405
genuine,1.3346449,-2.480001
george,-0.6011648,-0.19167702
gerroff,1.0978574,1.7589352
gesture,-0.29923487,0.120397426
gestured,0.2071284,0.6996074
gesturing,-2.8979764,2.118453
gets,0.6257638,-1.113877
gettin,0.61038536,-2.44313
getting,-0.07687039,-0.7461612
ghost,2.9515522,2.543482
ghostly,-1.4575744,2.7944205
ghosts,-1.3886226,0.3363754
ghoul,-2.3447635,-0.16600539
ghouls,1.7566583,0.45721054
giant,-0.6282429,0.84557956
giantess,3.7585456,-0.39910084
giants,0.06147047,-0.9337095
gift,0.2752685,0.23659053
gifted,2.2591214,-1.7289152
gifts,0.11805658,-2.1818721
gigantic,-1.5949678,2.2744484
giggle,-1.4105481,-0.72077197
giggled,-0.34683868,-2.2324502
giggles,-2.8634272,-0.5116398
giggling,-0.8734939,0.21679144
gilded,-3.001589,2.3589733
gilderoy,3.0077143,0.04311024
gillyweed,3.2383857,0.72481287
gin,1.7040282,2.1876092
ginger,-0.82190794,0.10313142
gingerly,-0.6919348,1.9456728
ginny,-0.34638178,0.10416088
girl,-0.105090044,0.28224283
girlfriend,-1.8815265,-1.7773671
girlish,0.19908817,0.4269266
girls,-1.9821352,-0.45280722
git,-0.060215455,-3.7805505
give,0.33115146,-0.6109084
giveaway,-0.0056882044,-1.1567851
given,0.45682415,-0.48944646
gives,0.8627663,0.24678801
givin,-2.876998,-2.7667012
giving,0.9616186,-0.116366975
glad,0.3189934,-0.43850368
gladly,0.6464998,4.6477485
glance,0.76468813,1.9226738
glanced,-0.3113075,0.47965428
glances,-1.5108345,-0.9660661
glancing,-1.0436426,0.7962904
glare,1.15982,1.9079744
glared,-0.98889434,-0.54101676
glaring,-2.957329,-0.6177037
glass,-1.0394604,1.8118743
glasses,-0.20250596,2.4664197
glassy,-1.8776989,3.0868075
glazed,-1.4409139,-2.7365448
gleam,0.3733621,1.0553806
gleamed,0.36247537,4.169337
gleaming,-1.3964616,3.0812829
glee,-2.7108989,-2.1447577
gleeful,1.1328739,1.6420346
gleefully,3.6646004,1.780246
glide,-3.450314,2.8064427
glided,-0.6524401,1.1541637
gliding,-1.489578,1.4447652
glimmered,-1.457464,2.6934958
glimmering,-1.5873536,2.7846687
glimpse,0.02941259,-4.3150325
glimpsed,0.48659953,3.3866343
glimpses,1.9255205,-1.8873144
glint,-0.44930878,1.5555822
glinted,-1.5824673,3.335666
glinting,-1.3332492,2.8964787
glistened,-1.6324183,3.0571222
glistening,0.25617442,3.0338721
glittered,0.91061735,3.5000546
glittering,0.4582202,3.5553305
gloating,3.726923,-0.2740733
gloom,-1.0675205,0.73455715
gloomily,0.9636266,-2.050957
gloomy,-2.0777326,0.43494806
glorious,-2.3200767,3.3775082
glory,1.2129606,-1.0842716
glossy,-0.1011277,2.3176432
glove,-0.4943637,2.12068
gloves,-0.5169364,-0.32429346
glow,1.449957,1.2167915
glowed,-0.2731889,2.471801
glowered,-4.1580935,-0.3774033
glowering,-0.4302981,-0.64548564
glowing,-0.7450603,3.3331845
glued,2.7524872,1.0765113
glum,-0.9019528,-2.7038934
glumly,-0.7219353,-0.41153356
gnarled,0.27093574,2.4370143
gnome,-1.338204,0.03341342
gnomes,-3.4156291,-0.4232948
goal,-2.7334406,-0.89292157
goalposts,-2.2504158,-0.79477274
goals,-1.6189743,-1.2392477
goat,-2.008592,-3.1970828
goatee,0.15173323,-3.4042213
goblet,0.37407646,1.6296251
goblets,-2.5450287,0.7136046
goblin,0.21672465,0.20602158
goblinmade,0.33429942,-2.2654715
goblins,2.3620098,-3.7763207
gobstones,1.6121762,-2.0126383
god,-0.0048914324,-0.102561936
godfather,0.39435786,-0.26526445
godric,3.484966,-1.1236327
goes,-0.16004676,-2.284693
goggled,1.2748659,-2.766943
goggles,-2.304584,-2.1293063
goggling,-3.2454803,-1.6416193
goin,0.13783714,-2.4037952
gold,-1.3455849,2.6283724
golden,-0.633862,2.4192443
goldstein,-2.4044008,-0.8056418
golgomath,0.40184885,-2.40876
golpalott,0.24787553,-1.5469381
gone,-0.024738705,-0.09544498
gonna,-0.97768825,-2.2351763
good,0.032958552,-0.7258455
goodbye,-0.3674627,-0.11651947
goodlooking,-2.9463556,-2.6604557
goodness,0.25790095,-0.5543072
goods,1.3677659,0.6206113
goose,-2.0695558,-0.5930156
gormless,1.253886,-0.5826354
gornuk,-2.6668234,-2.3538995
gossip,2.5147445,-0.6186867
gotta,0.24566294,-2.4408853
gotten,-0.34048763,-0.73605937
government,1.6146189,-0.5429757
governors,3.1392734,-0.37800118
gown,-0.8543922,4.6937
goyle,-1.3501657,0.33962184
grab,-0.01704723,0.04152855
grabbed,-0.5409392,1.1543529
grabbing,-0.65089816,0.30757603
grace,-2.0171852,2.9015896
gracefully,-2.2130215,-0.38593322
gracious,0.008941348,-1.5526054
grade,-0.859448,-0.6323026
grades,-0.3362379,-3.0699565
gradually,-1.1559983,2.0585034
gran,-0.29825726,-1.0397943
grand,1.5163072,-2.2820718
grandfather,3.075472,2.601114
grandmother,0.3961352,-4.0299287
grandparents,0.72870266,-1.2569277
grandpré,-2.3348122,-4.086022
granger,0.85287607,-0.64067024
granted,2.4369266,-0.22099394
grapefruit,3.2069879,-3.3993132
grasp,-0.68908894,-0.10950946
grasped,0.25689596,1.1254764
grasping,-0.025969474,1.6325752
grass,-1.8924233,2.5904715
grate,0.19777468,2.4684134
grateful,0.65725565,-0.9921199
gratefully,-1.704796,4.518185
gratitude,0.94147176,1.5594168
grave,0.78644353,-0.035693306
gravely,3.0498981,-0.23313758
graves,0.79605466,0.3997178
graveyard,1.5113069,-1.2192825
gravy,0.85596454,-3.6686735
grawp,-1.9576707,-2.6415367
grawpy,-0.18309511,-2.3918583
gray,-0.93271995,3.216983
graying,-0.22600734,2.7961042
grayish,-0.69537586,3.3357747
grazing,-1.8530846,2.5886784
grease,-3.8558822,-1.9395363
greasy,-0.5388524,2.8870845
great,-0.9844917,1.5127556
greater,1.0963483,0.10657057
greatest,0.9862004,-0.6683517
greatly,-0.5194562,-0.88325125
greatness,2.541938,0.19271988
greed,0.3867916,1.8559238
greedy,-0.26128894,3.528836
green,-0.72868425,2.876212
greenhouse,-4.320245,0.46249053
greenhouses,-0.7140169,-0.27143082
greenish,0.40336177,1.757915
greet,-3.2758553,1.5627962
greeted,-0.6901668,0.40419027
greeting,-1.5507917,0.22696045
greetings,0.60166794,-0.7470067
gregorovitch,0.97963643,-0.41809115
gregory,-1.9432678,0.6223997
grew,0.33800587,0.65680283
greyback,0.7747724,0.18383299
grief,-1.086574,-0.14177532
griffin,-2.9654362,-0.41099936
grilles,2.9061477,1.2470611
grim,-0.49611422,-0.2572268
grimace,1.352188,1.3553343
grimaced,-2.3123827,-3.5341313
grimly,-0.103731394,-0.52604604
grimmauld,0.3449872,-0.6249771
grimy,-1.693121,3.306164
grin,1.3847103,1.6404727
grindelvald,0.8831049,-2.3451338
grindelwald,2.0746534,-0.16662022
grinding,3.5331151,0.5689714
grindylow,-0.90949416,4.109607
grindylows,-0.8182402,0.435331
gringotts,0.4611679,-1.1614683
grinned,1.0234833,1.0127974
grinning,-0.42212185,-0.034467388
grip,0.36367145,1.0776129
griphook,0.28293273,0.07790227
gripped,0.56658006,2.561755
gripping,-1.6262618,1.2369788
gritted,-0.029898856,0.33460793
grizzled,-0.402786,3.0181901
groan,-1.8583192,-0.68437725
groaned,-0.70212585,-0.38500074
groaning,-0.9608351,2.297849
grope,1.8270504,2.146633
groped,-0.9804452,1.4713702
groping,-0.050505582,2.3458698
grotesque,0.62855,2.178437
ground,-1.1935309,1.8013927
grounds,-1.552368,0.5964528
group,-1.2011895,-0.5035233
grouped,-2.0726326,2.7658985
groups,-0.5294142,-1.7743444
grow,1.662433,0.260384
growing,-0.17455314,1.3207866
growl,1.9879372,2.3158193
growled,0.18708557,0.091775395
growling,0.29937991,0.05585205
grown,-0.73601484,-3.550464
grubblyplank,-0.15008898,-0.5660074
grubby,-0.534259,3.2429209
grudge,-1.6406372,-1.8052938
grudgingly,-2.1408174,-2.2302885
gruesome,0.7100134,1.0620191
gruffly,0.60399395,0.17280178
grumbling,-2.134068,-0.45770365
grumpily,-0.4832344,-0.30677575
grumpy,-1.4217746,-1.4919257
grunt,-2.982311,0.0023013677
grunted,-0.9018874,-0.34277612
grunting,-2.9510689,2.629192
gryffindor,-1.6356577,-0.6831645
gryffindors,-1.8855522,-0.7528564
guarantee,0.7036247,-1.9875615
guard,0.0515369,-0.06580281
guarded,1.9521905,-3.2142162
guardian,3.6058517,-1.4102055
guarding,0.8791301,-2.4589405
guards,0.97564,-1.9072033
guess,0.40520415,-0.15178236
guessed,1.011038,-0.73728627
guessing,1.0760261,-0.89935285
guesswork,2.242189,-1.5752486
guest,2.421618,0.77157724
guests,-4.1782923,-1.5455695
guffawed,-2.9148977,0.17558633
guide,1.4696245,-2.1455884
guilt,0.6884566,0.047831498
guiltily,1.2803258,2.6059315
guilty,1.7608868,-0.35945693
gulp,0.75042146,2.3728905
gulped,0.523788,1.9077595
gulping,-0.3578783,1.8858198
gum,0.8407203,-2.2541077
gun,-0.70197564,2.179005
gurg,0.42613414,-2.7053237
gurgling,-1.5696878,-0.20575684
gushed,0.18662441,1.8816345
guts,2.2379944,0.11058432
gwenog,-0.8964615,-3.5627525
habit,0.76357543,-1.6840026
habits,2.0050797,-0.9804557
hadn,0.65601945,-2.4153721
hadnt,0.03075566,-0.6346231
haff,1.2644659,1.3577683
hag,1.5812525,1.906409
hagger,-1.7599908,0.20441215
hagrid,-0.20265214,-0.05802952
hair,-0.3770589,2.744438
haircut,-0.41946268,0.8703796
haired,1.8080049,4.1581693
hairpin,-0.40645477,4.001666
hairs,-1.7515635,0.27327138
hairy,0.7461186,1.295014
half,-0.76003945,0.15489681
halfblood,1.3613471,-3.7113132
halfbreeds,-3.064085,1.8967593
halfgiant,0.9890871,1.2121273
halfheartedly,-1.1399709,-0.7963136
halfmoon,1.4465005,2.2137005
halfpast,-1.5240812,-1.5761021
halfway,-1.7285469,1.0017006
hall,-1.2058545,0.6492683
hallow,2.622474,-1.0059794
halloween,-1.244591,-0.84771454
hallows,2.897517,-0.8747626
hallway,-2.1486337,1.1952204
halt,-1.2865059,0.909623
halted,0.3340124,4.370764
halves,-3.4558048,2.4721284
ham,-1.7962916,-0.9600309
hammered,-2.3755436,1.5165759
hammering,0.129509,1.1569967
hand,-0.21670368,1.2938828
handbag,-0.7958957,2.0234134
handed,-0.257654,0.23000324
handful,-0.99399173,1.7453462
handfuls,-0.012982738,1.7138616
handing,-2.4537609,-1.6580012
handkerchief,-0.43876064,1.2756921
handknitted,-0.35400566,3.095638
handle,-0.41643658,1.4305623
handlebars,0.47794592,1.3938427
handled,-1.2424893,-2.1998358
handles,-1.1408786,-2.3166502
handling,0.6316904,-2.6694126
hands,-0.24910687,1.3207135
handsome,-3.5096173,1.9171057
handwriting,1.9731333,2.4777925
handwritten,0.4306847,-0.83473635
handy,-1.4429078,4.509778
hang,-0.5779492,-1.0905036
hanging,-0.9541483,1.2540311
hangings,-3.0138638,2.7457802
hangleton,-4.4710298,1.6277088
hannah,-2.870396,-2.8593767
happen,0.5257008,-0.72680783
happened,0.33343858,-0.18744364
happening,0.2102079,-0.947929
happens,0.8592917,-0.20421045
happier,3.400161,-2.3045163
happiest,1.1437328,-2.6406643
happily,-1.0900488,-0.5407312
happiness,0.5519654,-0.7357824
happy,0.010977612,-1.0391393
harassed,-3.5345612,-1.4441725
hard,-0.16679497,0.505005
hardened,1.9012514,0.85208815
harder,0.7223483,-0.5271116
hardest,4.267572,-0.98341423
hardly,0.05653223,-0.0021587736
harm,0.03158294,-0.7234788
harmed,2.8092647,0.5276392
harmless,1.8455673,0.0389123
harper,-2.9474475,-0.9447119
harpies,4.1199713,0.5829641
harry,-0.049892593,0.18070838
harrys,2.3228745,0.8767235
harsh,0.11182014,0.0074066864
harshly,-2.704614,-2.754073
hasn,3.0827403,-3.4518495
haste,-4.134171,-0.47290185
hastened,-0.6264682,-0.57386214
hastily,0.79974025,1.7681683
hasty,-2.7385802,-3.0580945
hat,-0.3029872,1.6704692
hatched,-0.030246498,-2.249305
hatching,-2.0086517,-1.2279297
hate,-0.036991455,-0.4226696
hated,3.2455819,-2.306718
hates,0.24678491,-0.3189126
hatred,-3.9954803,-2.0700815
hats,-1.2737539,-0.2925674
haughtily,3.6723435,-0.3947314
haughty,1.0744531,1.2782701
haunted,-2.4706573,3.8364651
haunts,-1.0139862,-3.1349142
haven,0.6390456,-2.858893
havin,-3.9388015,2.2711122
having,-0.1100563,-0.86140853
hawthorn,0.18897478,1.9464936
haze,2.8355138,-1.0885972
head,-0.26069427,1.107872
headdress,2.4654167,-1.8894582
headed,-2.3836105,0.6934576
headfirst,0.4127988,3.8919642
heading,-3.362865,-0.21937902
headless,2.8232615,1.1340252
headlights,-3.5887063,-1.2960291
headline,2.3477626,2.1877668
headlong,-1.3979651,1.6471257
headmaster,0.979691,-0.8777572
headmasters,-2.0062993,-0.5094923
headmistress,-0.7579791,-0.26468173
headmistresses,2.2659297,-1.178893
headquarters,1.2383479,-0.64339995
heads,-0.7410095,0.75210005
headstone,0.18979906,0.8691048
healed,1.1779251,0.90688264
healer,-0.4110025,-0.6520889
healers,-1.7060022,-0.801195
healing,0.060862705,-1.8632836
health,0.05245169,0.23614079
healthy,-0.5327723,-1.2960565
heap,-3.0283866,0.28606352
heaps,-1.8998809,2.2703452
hear,-0.15461309,0.063924976
heard,-0.45804653,0.31812418
hearing,0.92554283,-0.8256309
hears,0.693404,-0.62676907
heart,0.18771903,1.1034535
hearth,-2.3503802,1.4189231
hearthrug,0.23898867,1.7343354
heartily,-0.57118976,-0.9700261
hearts,-3.3823051,-0.374113
heartstring,0.9581231,2.8652844
hearty,3.4765315,1.6844581
heat,0.72560656,0.77910674
heated,4.404735,0.13271995
heatedly,-2.4045331,-2.1992111
heave,-1.7068022,-0.17627431
heaved,-1.1036724,1.1227415
heaven,-1.1854529,-3.8122954
heavens,-1.8653452,-0.45636213
heavier,1.3683522,3.9628386
heavily,0.0049534533,1.2765372
heaving,-2.1096494,2.9923856
heavy,-0.91043794,1.7568828
hed,0.117010795,-0.64412254
hedge,-2.071591,2.195428
hedges,-2.6795151,0.51551306
hedve,-0.5300503,-3.4189596
hedwig,-1.1048086,1.1801655
heel,-1.8176548,1.5084791
heels,-2.34677,0.81420803
height,1.1272368,0.43903553
heights,-0.33406985,-2.4612792
heir,-0.18171781,-1.9498459
held,-0.21132237,1.4316782
hell,0.34752956,-1.1657376
hello,0.58854824,1.5611377
helmet,-1.2972552,0.9809849
help,0.3190497,-0.49336496
helped,0.8392121,0.08606284
helpful,2.696956,0.34375268
helping,-0.44318232,-0.14685203
helpings,0.3719889,0.22482775
helplessly,1.4715286,-3.6912951
helps,0.4812439,-1.6819814
hem,-0.09675146,0.37309134
hen,3.4698584,1.9930788
henceforth,1.4403359,-1.540185
hepzibah,3.439988,1.6893492
herbology,-0.7772476,-2.985796
herbs,2.2458675,-1.986936
herd,-1.3783052,-0.13003881
hermes,-1.5168717,1.1586764
hermione,-0.1469383,0.015553309
hermy,-0.278618,-2.9629707
hero,0.65004736,-0.48672035
hers,-0.09519616,0.6209343
herself,-0.2704457,0.25275543
hesitantly,1.542397,-3.981389
hesitate,0.3777282,-0.7675737
hesitated,-0.059453674,0.2531785
hesitation,2.1653476,0.061583288
hestia,1.1800578,0.899676
hewhomustnotbe,1.769434,-2.6437109
hewhomustnotbenamed,1.7899473,-0.9564975
hex,-0.39986318,-2.0119164
hexes,-0.5674708,-2.3218756
hey,3.1095445,2.0890837
hic,1.4319415,-0.054675706
hiccup,0.26568905,-4.322407
hiccuped,-1.9592155,-3.0604959
hiccuping,1.7496077,2.1623235
hid,-1.2297283,3.088589
hidden,0.61144227,0.32546955
hide,0.47026503,-0.380578
hideout,-3.5226843,0.30193081
hidin,-0.08859667,-2.4688191
hiding,0.5184868,-0.6234148
high,0.3763866,2.4499345
higher,0.6582098,1.0613619
highest,0.62561834,-2.081158
highly,2.598681,-1.5283663
highpitched,-0.09546945,0.516223
hill,-2.0563018,0.8538384
hills,-1.7964735,1.8213153
hillside,-1.0258476,3.763707
hilltop,-0.5216866,2.3135626
hilt,0.4200704,4.4835143
himself,-0.0652315,0.40336785
hind,-1.1639961,2.1361907
hinges,-1.7263215,0.7593214
hinkypunk,-1.2079172,0.5379828
hint,-1.0949105,-1.1344923
hinted,1.9266944,-0.96039003
hints,0.36852378,-1.7806364
hip,-4.0613947,0.7532697
hippogriff,-1.2328591,-1.3632218
hippogriffs,0.71944195,-2.5123074
hired,1.8183993,3.4566472
hiss,0.0056450926,1.2505045
hissed,-0.27121052,0.52855986
hissing,-0.6760228,1.0751804
historian,-3.1136098,-2.5812628
history,1.5976664,-1.9876734
hit,-1.1647058,1.6290679
hitched,-3.1112232,1.7058496
hitherto,-3.6504083,-0.38527375
hitting,-2.329993,2.8741205
hmm,0.41966102,0.38021463
hmmm,0.47298712,1.3187793
hoarse,-1.0326289,0.44057882
hoarsely,-0.053896807,-0.562717
hobbled,-2.7642322,-2.2768202
hog,-0.35190827,-1.9547362
hogsmeade,-0.6202884,-1.2094613
hogwarts,0.31248805,-0.71431446
hoist,-3.8360972,1.9217442
hoisted,-0.27148888,1.3948455
hoisting,-2.8870265,0.000518229
hokey,3.6021469,-1.0871263
hold,-0.14225927,0.5486994
holding,-0.4770858,1.5100583
holds,2.683887,0.22017969
hole,-1.3212532,1.0170041
holes,0.4479879,3.5569992
holiday,-0.3635043,-1.2712468
holidays,-0.6043367,-1.711465
hollow,3.4708629,-1.1612487
holly,-2.2268221,2.5690143
home,0.5181878,-0.88220286
homemade,-4.4561563,0.5147072
homes,-1.3575418,-1.1061207
homework,-0.6177907,-0.90669
honest,0.308522,-1.5946511
honestly,-0.22493976,-0.5896454
honeydukes,-0.38050008,-2.8458102
honor,1.6581134,-1.3310653
honored,2.3782682,-1.990261
hooch,2.2738075,1.38349
hood,0.88810843,0.8266881
hooded,-3.1919715,1.6015701
hoods,-1.8915485,0.8072296
hoodwinked,2.413495,-0.5130446
hook,-1.4234868,1.8618748
hooked,0.5440047,2.9751725
hooknosed,0.92196214,1.9544667
hoop,0.52027094,3.182613
hoops,-3.0021586,-0.8514577
hoot,-3.0090563,-2.998804
hooted,-1.7321036,1.1149797
hooting,-1.740517,1.7645528
hooves,-4.5142193,-0.6892635
hope,0.41875798,-0.8443185
hoped,-0.8782129,-0.9913562
hopeful,-1.8534083,-2.5839741
hopefully,2.8288572,1.5971192
hopeless,-0.56468374,-2.6459816
hopelessly,-1.9365146,0.6412954
hopelessness,-2.8409982,2.184195
hopes,2.8155174,-1.7214427
hoping,-0.09673691,-0.52057093
hopped,-1.1672649,0.21409804
hopping,-0.5763111,2.1491876
horace,0.999051,0.13260786
horcrux,2.6764874,0.3160529
horcruxes,1.9511287,-0.9241676
horde,-3.2218409,1.3356831
horizon,-0.40600407,4.509256
horn,-2.5076275,-1.5441147
horned,-0.14141722,1.7471269
hornrimmed,-0.3344688,2.792734
horns,-0.13439296,2.592678
horntail,-0.8812752,-4.3656507
horrible,0.19668987,0.26074073
horribly,-0.14977664,1.126462
horrific,2.2942674,-2.2736223
horrified,-0.20589674,1.3033419
horror,1.6269307,1.3377779
horrors,-3.7102532,3.020165
horrorstruck,-0.38667572,-0.3484437
horse,-1.8747276,1.4241041
horses,-0.605357,-0.12756298
hospital,-1.2436603,-0.6202937
host,2.3835204,1.0296019
hostage,0.3296276,-1.594333
hostages,-2.1259706,1.0995216
hot,0.18733367,2.6466315
hotly,-1.0032494,-2.1657114
hour,-0.7553086,-0.22667292
hourglass,-1.6777427,1.5743853
hourglasses,-2.762615,1.877029
hours,-0.59744525,-1.2094351
house,0.013555492,-0.52378154
houseelf,1.5160747,-0.15516613
houseelves,0.23575895,-0.09244697
household,-0.28489414,-2.9534142
houses,-3.5324123,2.8372545
hover,-1.6339957,0.7703524
hovered,-0.6820795,2.3159435
hovering,-1.792199,2.0827827
howl,1.9540757,2.599356
howled,-1.5176668,-0.36592886
howler,1.2261618,-1.5750637
howling,-1.2851111,0.4314507
howls,-1.384168,1.1152391
howre,0.14823203,-4.697783
huddle,-1.7712868,-0.109022096
huddled,-3.891057,2.758965
hufflepuff,-2.0231698,-0.89219266
hufflepuffs,-0.67806286,-0.20074326
hug,-3.453783,-1.0463536
huge,-0.284909,1.5806643
hugely,-1.0274718,0.20997629
hugged,-0.17425007,0.8497681
hugging,-2.5424778,-1.912702
human,0.6705255,0.11060845
humans,-0.085640654,-1.3816422
humiliation,2.4341214,-0.8894397
hummed,-0.7922715,1.5507096
humming,0.47804588,0.751548
humor,-0.016664224,-1.1761816
hump,-0.9284828,1.2719938
hunched,-0.58135206,0.89153814
hundred,-1.4531622,-1.0382495
hundreds,-2.7737598,2.856919
hung,-2.198085,2.245189
hungarian,-0.84924227,-4.5016828
hunger,3.4383557,-0.6794579
hungrily,0.067508355,4.1945605
hungry,-2.4013515,-1.5532738
hunt,1.2042391,-0.978804
hunting,-1.4370022,-1.3978231
hurled,3.2195952,-0.34815475
hurricane,0.6654609,-1.9949877
hurried,-1.2456425,0.67095774
hurriedly,0.75699985,-0.74863887
hurry,-0.4659594,-0.7073032
hurrying,-1.368252,0.6052957
hurt,0.32397473,-0.19189677
hurting,0.76192105,0.5603769
hurtled,-1.9439616,0.7454668
hurtling,-2.254343,1.3043594
hurts,2.9027176,-1.5954391
husband,2.2114577,0.39504364
hush,-1.5625389,0.73406315
hushed,2.35224,-3.2763734
hut,-3.0023963,1.5451784
hysterical,-1.8248328,-1.0293872
hysterically,0.65824825,1.754976
ice,-0.25025532,4.52706
icecold,-0.72529894,2.9645772
iced,-1.6050154,-1.3818978
ickle,-4.1105742,-0.03709695
icy,-0.038904253,0.94195086
idea,0.25412127,-0.35062203
ideal,-0.21560922,-2.0802667
ideas,0.7526707,-0.4887029
identical,-0.23922925,1.5693189
identification,0.6191685,0.28422096
identify,2.573835,-0.48175436
identity,2.9158146,0.6584256
idiot,-0.6192625,-1.0620735
idiots,1.2382959,3.5970995
idly,-2.0249362,-3.0143895
idve,0.5291416,-3.1732967
ignited,-0.33088735,3.9633682
ignorance,1.815123,-1.1827725
ignorant,1.0579337,-1.2661002
ignore,-0.088686764,0.018808013
ignored,-1.0907285,-1.8021667
ignoring,1.6355613,-4.0936785
ignotus,3.1341755,-1.3196352
igor,2.2412982,1.1850197
ill,0.04004197,-0.5770552
illegal,0.48481545,-1.3823967
illegally,2.6377969,-1.486629
illness,-1.7907131,-4.0067677
illuminate,-0.6809591,4.3497586
illuminated,-1.8637727,4.4413733
illuminating,-3.1758595,2.9600046
illustration,-2.4805124,-4.2565475
illustrations,-2.460933,-4.1040754
image,0.4828917,1.180857
images,0.35689253,3.1784508
imagination,0.16028751,-1.1989644
imagine,0.34680635,-0.8379352
imagined,2.843942,0.46580622
imagining,0.38594472,0.6827142
imitated,-0.42052194,0.5377363
imitation,4.163429,1.5373919
immediate,1.3970406,0.37471414
immediately,0.1409502,0.6456803
immense,-0.76389927,1.4833634
immensely,-0.98423636,-0.9083447
immersed,2.0082936,-1.7733498
imminent,3.217245,-0.7149501
immobile,-2.5572233,2.6542072
immobilized,-3.319666,-0.47367772
immortal,2.53955,-0.2539469
immortality,2.136944,-1.9309922
impact,0.85433495,0.8517664
impartial,3.2334566,-0.90030676
impassive,0.59744054,0.7269653
impatience,2.04106,-0.019226126
impatient,1.0342999,0.93234265
impatiently,0.08743877,-0.36513904
impediment,-2.8025541,-1.2458502
impedimenta,-1.877645,0.9085427
impenetrable,0.53366446,-3.1873457
imperio,0.361466,1.1071904
imperiously,-1.5470717,-0.1344677
imperius,0.51106435,-0.4839331
imperiused,-4.060408,1.2020513
impersonating,2.4248383,-1.074796
impertinent,1.6125553,-0.15163535
impervius,0.43670774,-4.0305915
imploringly,0.7329021,-4.011039
importance,1.2821946,-1.9831313
important,0.8532835,-1.3553866
importantly,3.5409677,0.43312418
impossible,0.8592637,-0.14778899
impostor,1.7854036,-0.33538002
impress,1.7444624,-2.5636003
impressed,-0.77117544,-2.018749
impression,0.15156002,0.04795963
impressive,2.130171,0.66303647
impressively,1.821112,1.3456466
imprint,2.6891854,-1.2730625
imprisoned,2.9495301,-0.9632211
imprisoning,-3.4813955,-0.30001158
imprisonment,-1.4410135,-2.1258597
improper,2.5312235,-2.0753386
improve,-3.4166648,0.7317775
improved,-2.086178,-3.056801
improvement,-0.5410988,-2.2683797
improving,2.5249119,-0.7560666
impulse,0.9350506,-0.4635779
inadvertently,2.978047,1.538526
inc,-2.1120532,-3.971247
incantatem,-0.43845335,-4.2347608
incantation,1.3845,0.5291681
incantations,-0.35722545,0.9185969
incapable,0.94169945,-3.181659
incensed,-1.4294258,-0.9594574
inch,-0.23981705,0.88623697
inches,-0.5317447,2.2657964
incident,0.67259634,-1.6458335
incidentally,-1.2747192,-1.87927
inclination,-1.3619627,-3.049989
inclined,3.2951682,1.7003883
inclining,3.605693,0.583296
include,-1.4961932,-1.2453882
included,2.0207086,4.0735655
including,3.724688,0.48706654
incomprehensible,3.6493003,1.6521139
incorporating,1.8100488,-2.0376923
increase,1.1841445,-0.1684549
increased,-0.2641267,1.0148938
increasing,3.6768687,1.7836949
increasingly,-0.70408547,-0.88988715
incredible,2.0762482,0.46391135
incredibly,1.5159321,-2.9514413
incredulous,0.5865161,0.29059967
incredulously,-0.20553719,0.1335718
incurably,-0.48307368,1.3077488
indecent,3.869819,2.2232902
indeed,0.85479534,-0.70595783
index,-2.3344386,2.3112075
indicate,1.0508227,1.0535932
indicated,0.5592658,0.2581211
indicating,-0.34030497,0.89693326
indicia,-2.3444057,-4.1797385
indifference,0.3938062,0.6327078
indifferent,1.4325186,2.094916
indifferently,-0.19534242,-1.6287161
indignant,-4.5643535,-0.3428254
indignantly,-0.6661353,-0.36454868
indignation,2.2548192,2.4653997
indistinct,-1.8959578,-2.024374
individual,-1.7168725,-0.28548998
inexplicable,-0.38162768,-2.2343702
inferi,-3.526915,1.71484
inferius,2.1708314,0.3543145
inflicted,3.3776064,-2.5285766
influence,2.6678038,-2.4076195
inform,1.8385018,-3.072495
information,1.2875851,-0.59367317
informed,-0.38207963,-0.16286579
informing,2.3043249,0.33945307
infusion,1.9977471,-3.6244376
ingenious,2.3246717,-0.32228842
ingredients,2.0624807,-3.321971
inhabitants,-0.5580389,-0.36457428
inhabited,2.4730494,-2.3133178
inherited,1.3878909,0.46747622
injured,0.3725829,-0.22058167
injuries,-0.21622363,-1.089311
injury,-0.11583935,-3.7904422
injustice,1.195499,-1.5130004
ink,-0.21078914,2.6301591
inkling,2.5285325,-3.3341556
inky,-0.063966796,3.3593442
inn,-2.4823172,-0.22668436
inner,1.2864795,0.2102037
innit,0.41352665,-2.6340322
innocence,1.5367548,-1.4171042
innocent,-1.0601188,-2.3742266
innocently,-2.8051915,-0.07155721
innumerable,-1.1564764,0.75111026
inquired,4.053677,1.1069115
inquiringly,2.6403358,-1.6649708
inquiry,-1.4474629,-3.3267446
inquisitor,0.8948846,-0.9170597
inquisitorial,-1.6133419,-0.39957565
insane,2.5762706,3.1486242
insect,0.7680364,2.6128614
inserted,3.9493866,0.8706432
inside,-0.45450842,1.348908
insides,0.6941035,0.76118755
insist,0.8084417,-0.7456019
insisted,-0.5215282,-0.8255579
insistence,1.7695942,-4.222783
insisting,-2.3096461,-1.2725043
inspect,2.5159965,-0.94119847
inspection,2.151609,1.7772567
inspiration,2.4687269,1.3220868
inspired,-3.1480346,-2.3248792
instance,0.8881805,-1.0543181
instant,3.3630924,1.290392
instantly,1.5185448,0.118839696
instead,-0.5228915,0.27804133
instinct,1.2671338,-1.8799137
instinctively,-0.7041433,1.5748281
instructed,0.830973,-2.838401
instruction,1.7692602,0.6265867
instructions,0.7998267,-0.13674344
instrument,0.41978717,3.547684
instruments,-1.6765436,2.5812647
insult,-4.1192384,1.9321065
insulted,1.6969556,-2.369717
insulting,2.0221121,-0.5909722
insults,-1.9344636,-0.11174363
intact,3.9646947,-0.81376183
intake,0.013501842,3.7670853
intelligence,2.6073945,-2.013363
intend,1.4025836,2.7322273
intended,1.5861362,-1.2440469
intending,0.96008843,1.0893327
intense,0.9741416,1.0035131
intensely,3.5998788,-0.46930513
intensified,-0.5025675,-1.6142501
intensity,3.83811,-0.7576591
intent,1.7903438,0.80866635
intention,2.069699,-1.6997375
intently,0.22737482,0.8013359
inter,0.05848256,-2.470416
intercepted,2.4789193,-2.713304
interest,0.29068586,0.1537388
interested,1.2075677,-2.7920663
interestedly,-3.386855,-1.8077035
interesting,1.5779774,-2.7244058
interests,3.2188127,-0.32037047
interfere,2.2888932,1.2395774
interference,2.7984838,-1.4973003
interfering,1.3350283,-0.2991114
interhouse,-1.2040348,-1.5259556
interior,1.4215508,1.3942342
interjected,1.3265721,0.22822201
internal,2.3274126,-2.721594
international,-0.0012373059,-1.7581283
interpret,1.30953,-1.4736629
interrogated,0.221511,1.2486908
interrupt,0.4796793,-0.9052736
interrupted,0.21545541,-0.17507042
interrupting,-1.5327755,2.6736295
interruption,-3.1676843,0.23180021
intervals,-1.5902286,1.0405401
intervened,0.964966,-2.6387007
intervening,-0.90883297,-2.2862246
interview,-1.570471,-2.2340167
interviewed,1.7478439,-2.1147003
intimidating,2.057295,0.34072143
intrigued,2.4730525,0.867153
intriguing,2.461226,-0.34356806
introduce,-0.4571083,-1.372167
introduced,2.114651,2.1152341
introduction,2.1288912,-0.6358912
intruder,-2.2505026,1.2353494
intruders,-0.27268758,-1.1715322
invented,1.4238499,-2.0111527
inventing,0.3088629,-1.9196401
investigate,0.119643636,-0.91244555
invincible,2.495007,-2.147197
invisibility,-0.67449987,0.93521345
invisible,0.62464005,1.2715172
invitation,-0.34341452,0.6669028
invite,-0.26198536,-1.0151051
invited,-0.5415507,-0.5723398
inviting,2.871277,-3.184276
involved,1.003945,-1.3976618
involving,-0.89701295,-1.7551491
ireland,-0.1951487,4.0343
irish,-2.1314878,-0.80484885
irksome,2.0319946,-2.7378356
iron,-0.9610362,2.0568352
irresponsible,3.2042975,-0.5875942
irritable,-0.31823513,3.2271338
irritably,-1.6018864,-2.9063373
irritated,-0.5355065,-3.7030523
irritating,1.7923292,-1.1575743
isbn,4.688825,-1.8329146
island,0.4383646,2.993509
isn,0.49091098,-2.4575546
issue,2.481844,-2.2907298
issued,0.75787574,2.481703
issuing,-1.6195855,2.8878455
itching,1.719661,0.039992865
itd,0.23897216,-1.8260978
items,2.0850117,-1.4603928
itself,0.17033908,0.6318233
ivanova,-4.198208,-1.7130047
ivy,-2.1560733,2.5543056
jabbed,2.7043226,1.0913353
jabbering,-1.693008,-0.38237858
jabbing,-1.0879624,1.7469379
jacket,-0.81650186,3.9064705
jackets,-0.86961406,4.1000557
jagged,0.95725685,3.1010504
jam,-3.1767097,1.9085959
james,0.6714531,-0.05825761
jammed,-2.7680628,0.014138905
jangling,-0.63337576,4.2599797
january,0.63863015,4.4098773
jar,-1.2532406,1.2368609
jars,-3.4776442,1.1142569
jaw,0.5841403,2.1379807
jaws,0.28736988,0.8972244
jealous,0.3881418,-1.5326747
jealousy,-3.180488,-1.676896
jeans,-2.8122826,0.02085286
jeered,-0.6514123,-3.2429488
jeering,-3.0417295,0.19761354
jeers,-1.5531489,-1.6058743
jerk,0.08607379,1.2824229
jerked,-4.2603908,1.8296152
jerkily,2.6561058,2.3236144
jerking,-2.424206,2.122256
jet,-0.83024293,2.8440318
jetblack,-0.46693552,3.586105
jets,-1.0597413,3.033512
jeweled,-0.28707287,2.9376354
jewels,-0.15081073,-2.1134155
jingling,-3.1926363,2.6277812
jinx,-2.17788,-1.620667
jinxed,0.96675414,-2.011801
jinxes,0.5969831,-3.1390476
job,0.8249064,-1.6947528
jobs,1.1342334,-0.52086157
jog,-2.9613736,-3.021216
jogged,-2.780328,1.9357911
jogging,0.4490669,-2.328144
johnson,-2.3361585,-1.2659608
join,-1.4469223,-0.68870986
joined,-1.1691619,-0.22188476
joining,-2.0447931,-0.9290149
joke,-0.088839166,-1.0280652
jokes,-0.7781972,-0.34851578
joking,0.036944713,-0.9711681
jolt,0.8845516,2.6863835
jones,-2.2821698,-2.2554238
jordan,-2.9449656,-0.9100623
jorkins,4.178087,-1.0458728
jostled,-1.8722929,4.4956765
jostling,-1.1935394,-0.42745924
journey,-0.42844772,-0.95170623
journeyed,3.8653593,0.34684595
jowls,-0.7966891,1.3052557
joy,0.818344,-2.8675296
joyfully,-2.4550223,-0.6486584
jubilant,3.5282984,0.34029666
jubilation,2.5110602,-3.23461
judge,-0.37177613,-0.70567346
judges,-0.006753881,1.6968452
judging,3.5459278,0.7657883
judgment,1.5067563,1.2786998
jug,-0.5784414,2.445321
juice,-1.1382033,-0.8730438
july,0.24461083,-1.5844723
jumble,-3.3736222,0.77790445
jump,-1.7441163,1.3483988
jumped,-0.6920468,1.18824
jumper,-2.2926686,-1.6579341
jumping,-0.6119938,-0.049250055
jumpy,1.5855175,2.603639
june,0.8921804,1.8663875
junior,1.3226907,-1.7178171
junk,-2.0503743,2.6704102
jupiter,-3.300958,-2.7442124
jus,0.091622196,-2.3174486
justice,1.6272526,-0.5551951
justin,-0.5794714,-0.066696614
karkaroff,2.872647,0.6909276
karkus,1.2828357,-4.091876
katie,-2.0487988,-0.76380503
kedavra,4.70195,2.0647552
keeled,-1.5657014,1.4720638
keen,-0.069977105,-1.0537168
keenly,-0.9257479,-2.4580598
keep,0.21493244,-0.15926477
keeper,-2.14715,-1.1867357
keepers,-0.34615502,1.2216705
keepin,0.31420094,-1.0967534
keeping,0.78745455,0.51664025
keeps,0.3230566,-1.0505929
kendra,2.8539956,-0.17882745
kept,-0.39165077,0.12861702
kettle,-0.62265754,1.6083692
key,-3.22678,0.43910432
keyhole,1.71564,0.5286276
keys,-2.5696185,-0.9010266
kick,-1.0874169,-0.34063682
kicked,-0.6740794,1.2738963
kicking,2.6110651,3.032713
kid,1.4300336,-1.44632
kidding,0.19885738,-0.7041702
kidnap,2.388012,-2.9319923
kids,-0.33454895,-1.0960923
kill,0.61858976,-0.52014214
killed,1.0178849,-0.64601576
killer,2.7255454,-0.8485394
killin,0.6167053,-1.6146797
killing,1.2522938,-0.43755293
killings,1.9244399,0.2540888
kind,1.111845,0.12925956
kinder,0.5977339,-0.7554185
kindly,3.50766,1.0631909
kinds,1.2768762,-1.7368873
king,-1.4985524,-1.1614046
kingsley,0.5648695,0.038178284
kip,-2.0222135,1.1599138
kiss,-0.39009485,-3.0818179
kissed,-3.2532954,0.86403084
kissing,0.60176724,0.6747669
kit,-2.0563753,2.5075972
kitchen,-1.3822569,0.7168793
kitchens,0.14239523,-2.4900975
kittens,4.0138535,1.2484077
knack,0.31229863,-1.873313
knee,0.69620955,1.728026
kneeling,-4.1445513,1.8461269
knees,-0.38668078,1.5119331
knelt,-2.2813523,1.324872
knife,0.25348145,3.305164
knight,-0.60233706,0.8774198
knitted,-2.469877,-1.0721972
knitting,1.2861052,4.1472287
knives,2.4737942,-3.5131662
knobbly,-0.7754158,1.6668301
knock,-0.6561889,-0.64063376
knocked,-1.3784192,1.0769063
knocker,-1.5711559,1.0757605
knocking,-2.9074879,1.6432004
knockturn,-3.475082,-2.51091
knot,-1.773683,1.3089888
knotted,0.29918545,2.274014
knowin,0.33348262,-2.6981735
knowing,0.9683145,-0.5382353
knowledge,1.6941817,-0.653864
known,1.2224122,-0.65092516
knows,0.8387436,-0.94280165
knowwho,0.40026593,-1.3733423
knuckles,2.9764721,0.5213516
knut,-1.7391113,-0.7790819
knuts,-0.72464836,-2.9566002
kreacher,0.8262804,-0.011644991
krum,-0.47184095,0.13474469
kwikspell,2.2047195,-2.078581
label,1.9680711,0.17081654
labeled,-1.1860257,0.5571923
lace,-1.907412,1.3405254
lack,0.62849265,0.12545258
lad,0.5326977,-1.570145
ladder,1.9716749,2.9478862
laden,-1.9786738,2.2223709
ladies,-2.7789662,0.7546426
lady,-1.6994035,3.9237058
laid,1.1842828,3.9554455
lain,3.7412853,-0.8318935
lake,-1.7778611,1.3119563
lament,1.9193754,2.5481648
lamp,-1.7929019,2.4090006
lamplight,0.051583793,3.3717117
lamplike,-0.3942649,1.2303803
lamps,-1.2200081,3.0479972
land,-3.685539,0.9067334
landed,-1.8294752,1.6276103
landing,-2.4300287,1.542689
landlord,1.2967256,-0.58472514
landscape,-1.1854709,-2.105974
lane,-4.2864704,1.6228485
language,0.6356763,-0.96648866
languages,2.42273,-3.9161522
lank,-0.08615789,2.44098
lantern,-2.7064962,1.9911171
lanterns,-2.2560747,2.2819064
lap,1.8849317,2.5670002
large,-1.1075531,2.0175521
larger,-1.070466,1.9906194
largest,2.6939034,1.6981472
las,-0.7908626,-2.8205225
lashed,-3.6566439,-1.8839096
last,0.027348448,-0.3181947
lasted,2.1183906,-0.27835628
lasting,1.0480112,-1.4347513
lastminute,-0.91396606,-1.7705564
late,-0.6841444,-0.65062153
lately,0.0029500644,-0.5481183
lateness,1.8611563,3.432705
later,-0.6762247,0.13620903
latest,-2.6874077,-2.540333
latter,1.1948985,1.9909116
laugh,0.36183977,0.06680813
laughed,0.054024126,-0.04184455
laughing,-0.41500807,0.09564193
laughs,1.7342851,-3.717323
laughter,-2.8353045,0.16921397
launched,-3.5869277,0.9360031
laundered,-3.466725,0.020321552
laundry,-2.9378428,-1.4450767
lavender,-2.3104005,-1.1909661
law,2.1201463,-1.1598068
lawn,-1.7404145,1.005466
lawns,-2.587158,-0.2389703
laws,0.5413053,-0.92051524
lay,-0.97413486,2.2646494
layer,-1.0276648,3.0588505
laying,-1.9740653,4.3046303
lazily,-0.9007657,1.3450965
lazy,-2.1562676,0.4532921
lead,-0.49331418,-0.68316454
leader,0.25916666,0.49024662
leading,-2.1583366,0.8199059
leads,-2.3987832,-0.44643566
leaf,-1.2185279,-3.2641904
leaflet,-1.123779,3.6571915
leafy,-1.9270716,1.8915118
league,-1.4504533,-1.7684141
leaked,-2.6406944,1.365333
leaking,3.020335,-2.1825821
leaky,-0.71289194,-0.026680691
lean,1.8017762,0.49065793
leaned,-0.87750125,0.80660486
leaning,-1.6781569,0.73692465
leanne,-2.2784045,-0.9250104
leap,-1.3810472,1.1068122
leaping,-1.8310767,0.59857357
leapt,-1.0608633,1.3423506
learn,2.079262,-2.1620932
learned,-0.26780868,-2.155344
learning,-1.638605,-1.6084428
least,-0.2347298,-1.2890013
leather,-0.86139816,2.364117
leathery,-0.7204787,2.6986344
leave,0.13669889,-0.3638128
leaves,-0.40391636,0.2967463
leaving,-1.001959,0.5449413
lecture,-1.319871,-3.683665
led,-1.6978278,0.6925708
ledge,-3.5429394,2.5332916
lee,-2.8746226,-0.8387535
leered,2.534688,2.5931432
leering,1.763692,2.1490536
left,-0.21899717,0.15158306
lefthand,0.74027175,3.2279224
leg,-0.45837134,1.0670111
legend,1.620856,-2.2215493
legendary,-0.753513,-4.0592914
legilimency,2.3907676,0.5324057
legilimens,3.5043666,-2.0851958
legs,-0.7844612,1.8037604
leisure,2.4305136,1.7571049
lemon,2.8353164,-0.7365364
lend,2.094481,1.1927522
length,-0.8302813,1.4112836
lengths,0.07384859,-1.7514751
lenses,-0.98181164,1.6685765
lent,1.1474962,-2.8805346
leprechaun,1.1280708,0.26625738
leprechauns,-3.2782657,2.9853837
less,1.3472536,-0.40284714
lesson,-0.32224506,-1.7161561
lessons,-0.122420296,-1.6962517
lest,1.122057,2.1373212
lestrange,1.3103237,0.51668745
lestranges,0.44740054,-3.2877152
lets,1.3694773,-0.1827108
letter,-0.10435023,0.16732876
lettering,-0.9709833,3.115147
letters,-0.14795996,-0.42594695
letting,0.014285131,-0.37152594
level,-3.3514903,0.27118206
levels,-2.6374536,-1.697127
levicorpus,-0.18390307,4.22962
levine,-2.3860116,-4.214895
leviosa,-1.3708304,4.213545
levitating,-3.1068802,-0.54786927
levski,-2.4494708,-1.3059686
liaison,3.0960286,1.225405
liar,0.6335427,-0.06652041
liberty,1.1200862,-2.3195014
librarian,2.3305519,1.5034997
library,-0.80037934,-0.3723383
license,0.8951394,-2.1682277
lick,0.66948146,0.48754013
licking,0.5836886,2.6371856
lid,-1.1593227,1.2145691
lidded,-0.9266576,-4.355338
lids,-3.518092,1.3320057
lie,1.3510967,0.19306323
liechtenstein,1.2139946,-3.180617
lied,0.8636415,-0.36406565
lies,1.4701416,-0.67500794
life,0.2402648,-0.7853709
lifeless,-0.2976666,1.908129
lifetime,1.566081,-1.2526344
lift,2.61868,1.0934092
lifted,0.41842514,3.4391408
lifting,-0.94316864,1.729818
lifts,2.6675553,-1.9645326
light,-0.98570555,2.5805135
lightened,-1.3253788,-1.8283668
lighter,-1.7771914,-2.0726743
lightheaded,-0.8077877,3.7234375
lighting,-3.0605843,-2.1236906
lightly,0.21191731,1.8505574
lightning,0.58536553,1.0769931
lightningshaped,0.8327022,1.6811322
lights,-2.7434146,2.178787
liked,0.30726987,-0.44807416
likely,1.7463058,-1.3604336
likes,0.60081106,-0.19482225
likewise,2.6097007,0.1253244
liking,3.16726,-0.9276764
lilac,-1.3576716,3.548234
lily,0.8877324,-0.07485221
limb,-4.4678106,1.3271722
limbs,4.38647,-0.73793447
limegreen,-0.7538241,2.684488
limit,-0.70923656,-2.7828712
limited,1.7363274,-0.49508852
limp,-0.60948986,1.633714
limped,-1.3345159,-0.037233885
limping,-1.029086,1.1335999
limply,-0.49871925,1.7877941
line,-1.2317969,0.1416562
lined,-1.7072008,0.8870316
lines,2.565486,2.8623157
linger,-1.4414084,-1.2888438
lingered,-2.051745,2.007527
lingering,1.0334167,1.9757705
lining,-0.64735216,-4.225481
linked,-3.8307617,-0.31859425
links,1.6737944,-0.6533521
lion,-2.6644068,-1.5689846
lip,1.1134615,-2.7175221
lips,0.7342452,1.3031862
liquid,-0.92300385,2.1221647
list,-0.017291587,-1.1113398
listen,0.04134177,-0.3410477
listened,0.6916341,0.44595945
listeners,1.8425268,-2.0700712
listening,0.035752073,0.22979917
lists,-2.6084845,0.5685557
lit,-1.112968,3.1933033
litter,-2.7794998,3.211361
littered,-1.434464,2.9518292
little,-0.18015258,0.56270516
live,1.5127698,-1.6881249
lived,1.6217779,-1.0390278
liver,-0.98617655,2.7991269
lives,1.6293688,-1.4794123
livid,0.65716225,0.5037823
living,-0.5004429,0.04609397
load,-0.51606,-0.40302613
loaded,-0.5289473,1.964617
loads,0.0929501,-2.86875
loaf,-1.4106711,1.8150647
loathed,0.6813467,0.3678725
loathing,0.29458615,-0.15922156
local,2.7511563,1.8440214
locate,-2.265838,1.4660733
located,-0.09462653,3.604754
location,-0.6769341,-1.5956606
locations,2.452269,-1.3835629
lock,-0.9240932,1.2054393
locked,3.7636507,-0.8089503
locker,-1.4963229,0.24040136
locket,0.0010452191,1.0665072
lockhart,0.23786,0.6357413
locks,-1.4679978,0.43747783
loftily,-2.5529873,-1.817627
lofty,0.8725898,0.17529085
loincloth,-1.4067581,1.0254494
lolling,-1.3384454,1.9020932
london,0.36461365,-0.9553849
lone,-3.3108752,1.5288604
lonely,-0.9104712,-0.2219465
long,-0.31775337,1.7106208
longbottom,-0.20176595,-0.14588854
longed,1.3121511,1.6923919
longer,0.11104121,0.02120272
longfingered,3.1041524,0.37877432
longhaired,-2.3055122,-1.4147378
longing,0.9918607,4.219649
longingly,-3.09016,1.8285145
lookin,0.34283486,-2.0749292
lookout,0.84148884,-1.0142299
lookouts,-1.3183407,-0.4275832
looks,-0.20457302,-0.40215492
loomed,-1.9252164,-2.150437
looming,-2.7760546,2.3582168
loony,-0.21962933,-0.535591
loopy,-0.65469253,-0.18274404
loose,-0.8026514,-0.26038885
loosening,-2.1687326,4.0948334
lopsided,0.22432491,1.6175233
lord,1.3330469,-0.45738506
lose,-0.105333604,-1.0097817
loser,1.5775416,-2.2856214
losing,0.0030011204,-0.28362665
loss,0.9885044,-0.65223426
lost,0.018005101,-0.3658793
lot,0.11477129,-1.1083801
lots,-1.6870129,-2.6213696
loud,-1.2565331,0.36019132
louder,0.19852306,0.5155574
loudest,-0.16388421,-3.571273
loudly,-0.7649615,0.344912
lousy,-0.790817,-0.8934636
love,0.72139686,-1.068149
loved,1.3429319,-0.80651575
lovegood,-1.4492697,-1.1160239
lovegoods,2.4406114,-1.301595
lovely,0.05051924,-0.11278318
loves,-0.96647763,-3.1668627
loving,-0.39117038,-3.4822483
low,-0.47576547,0.95038784
lower,0.20505333,1.142992
lowered,0.15771428,1.8044701
lowering,-2.610583,-0.14115849
loyal,0.84691846,-1.9247075
loyalty,1.798567,-1.422281
lucius,1.3092977,0.30143437
luck,-0.34286878,-1.3461998
luckily,1.8213181,-1.0157328
lucky,-0.58378136,-1.2244534
ludicrous,-1.3720468,-3.3706393
ludo,-0.5482167,-0.3627756
luggage,-1.6332077,2.2608006
lumbered,-0.5164078,-2.2046065
lumbering,1.9069545,0.7205537
luminous,-2.4027483,-0.66598815
lumos,0.10900322,0.316446
lump,-2.2341247,2.9736028
lumps,-2.0540133,2.2880507
lumpy,-1.5343422,3.655328
luna,-0.6308491,0.21007174
lunatic,-1.39066,-3.3408737
lunch,-1.2161964,-0.69491047
lunchtime,-4.3358235,0.38047245
lunged,-0.93232286,1.94094
lunging,-3.1144667,1.1689553
lungs,-3.3694289,3.0918643
lupin,0.17711161,0.1040325
lurch,0.57423025,0.8858725
lurched,-1.4547895,1.9684474
lurching,-1.4884194,1.1499604
lure,1.5495296,-1.4884374
lured,-0.5269193,-3.039832
lurked,-1.9385817,1.345535
lurking,-1.0907788,0.24591337
lyin,0.36136448,-2.7726548
lying,-0.66360813,1.2173705
lynch,-3.4237835,-0.89027107
maam,2.2157516,2.1896434
macmillan,-2.7259376,-2.2576492
macnair,2.9341552,0.3210468
mad,0.0582828,-0.37518615
madam,2.0554445,1.209541
madame,3.8285112,1.0479431
madeye,0.5662948,0.08303253
madly,-0.7267978,0.5828956
madness,-3.050643,-1.1108736
mafalda,-3.324868,2.2391312
magazine,-0.44386783,0.46090272
magenta,-0.70693237,2.5613647
magic,1.3356019,-1.2782921
magical,1.6164184,-1.4775047
magically,-0.08112719,0.9341456
magicked,-1.8240777,2.288541
magnificent,-1.5048491,1.013637
magnificently,-0.04846156,4.285295
magnified,-1.0410339,2.2027235
magnolia,-1.7484474,0.033729527
magorian,2.4063606,0.69063747
mail,-0.28364408,-0.8655666
maimed,-3.7531703,0.35361695
main,-1.7087922,0.5299839
mainly,-1.1504086,-0.32962927
maintain,0.5807121,0.887712
maintained,-0.35552433,-0.036246028
maintaining,1.3253709,0.69512594
maintenance,-3.091262,0.64331156
makes,0.36468646,-1.0159087
making,0.06755072,0.21762867
maladies,-1.6018759,-3.615055
male,-0.21918353,1.2647835
malevolent,-3.0272522,0.597984
malevolently,1.7609023,3.1442122
malfoy,0.21745373,0.04702794
malfoys,2.7427802,-0.45884395
malice,2.4546902,-0.591456
malicious,0.8562197,0.24693997
maliciously,1.7043396,2.2586584
malkin,2.236722,1.4254429
man,0.6489702,0.9725743
manage,0.28351155,-1.7957318
managed,-0.09290526,-0.101786084
manager,2.4260526,-2.846769
managing,-0.1524808,-0.9921114
mandrake,1.9622384,-3.7475524
mandrakes,0.1541402,-3.0898395
mane,0.40246612,4.5579576
mangled,-0.78742266,1.2795523
maniac,1.3185804,-1.152364
manic,-0.34285823,3.5058694
manner,1.0094256,1.5236671
manners,1.6869448,-0.8092264
manor,2.7850978,-2.4972157
mantelpiece,-2.2829578,-0.02210604
many,0.07533442,-0.0806072
map,0.30350292,0.6462097
marauder,0.13560963,0.9289451
marble,-1.9033048,1.1070682
march,2.552144,-2.7177503
marchbanks,1.1868656,2.8278031
marched,-1.3606739,0.68395275
marching,-1.189576,-0.04859245
marcus,-2.098934,0.13291629
marge,-1.414365,-0.78795207
marietta,1.5746678,0.17780387
mark,0.81903946,0.17406373
marked,2.2266374,-0.2726441
market,2.0343928,-2.0261927
marking,-3.03021,-1.4314158
markings,3.6253126,-1.339347
marks,-4.0967474,-0.8757358
marmalade,-1.5708975,-2.3185074
maroon,2.2568974,2.8244817
marquee,-1.7598772,2.568701
married,0.44615966,-0.494817
marry,1.4956644,-2.4946384
marrying,-1.9150752,-2.8393345
mars,4.2033606,0.44436455
marsh,-1.9188315,3.5839846
marvelous,-0.85300815,-1.2291653
marvolo,2.110548,0.26866692
mary,-2.2606592,-4.0222297
mascots,-3.9611425,-0.8660749
mask,-3.1314235,0.2507806
masked,-4.298845,-0.43144983
masks,0.5933817,3.40032
mason,-0.93392944,-1.7857156
mass,0.08954636,0.8531605
massaging,-0.45938912,1.1819139
massive,-0.33167997,0.723694
master,1.3288952,0.20713735
mastered,1.6488457,-3.3030367
masters,-1.1917346,-4.040647
match,-1.1163008,-1.2425101
matched,1.2702851,-1.0913057
matches,-1.8736827,-1.5379274
matching,1.405709,2.3335288
mate,-2.7794135,-2.916649
material,-0.6037159,1.7463319
materialized,-1.8120959,0.7456566
mates,2.4958036,1.5094612
matted,-0.29454127,2.8361049
matter,0.6657465,-0.7226935
mattered,2.3875754,-0.24245892
matteroffact,3.2618196,-0.07813497
matteroffactly,0.7687021,1.3104498
matters,2.8313532,-2.759133
mattress,-1.6952388,-3.9718423
maxime,3.829395,1.0274591
maybe,0.2909563,-0.6714246
mayhem,-0.2165893,-4.131953
maze,-0.8974727,-0.00062448543
mboy,0.39837775,3.5868282
mcgonagall,-0.13369592,0.12977625
mclaggen,-1.2347568,-1.8158172
mead,-0.08849088,-0.99528104
meal,-1.9780737,-0.077975705
meals,-3.0447278,-1.3396252
mealtimes,-1.2920868,-0.15446077
mean,0.25666136,-0.51004225
meaning,0.755509,-3.842897
means,1.1477677,-0.6761965
meant,1.378876,-1.2055122
meantime,-1.8986281,-2.4031649
meanwhile,0.32668135,-0.39759913
measure,2.157367,0.110227205
measured,1.4573944,2.457609
measures,1.0107731,-1.6992697
meat,0.1787645,-2.992115
mechanical,1.3495667,2.2880867
medicine,1.2837756,-3.1135502
medieval,-1.4955469,-1.7183282
meet,-0.6820335,-0.08382657
meeting,0.063730255,-1.0427381
meetings,0.3930063,-1.2111338
megaphone,-0.44038925,4.302766
melt,-1.6305876,0.09878836
melted,-2.9032032,0.20621167
member,0.91587764,-0.8002863
members,1.1965668,-2.7000735
memories,1.4726429,-1.4031138
memory,0.9150686,-0.3902119
memos,-3.250205,3.3291285
men,-0.993342,0.20658979
menacing,3.4157076,-2.286062
menacingly,4.097657,-0.21256755
mend,-1.8294055,1.7650062
mended,0.3474693,3.5149968
mending,-2.4128306,-3.0883324
mental,2.883197,0.22042616
mention,0.9069302,-0.74395317
mentioned,1.9723437,-1.5345633
mentioning,1.3733797,-2.0223076
merchandise,-1.4761739,-0.6127019
mercifully,-2.385661,-1.2931197
mercy,0.70724505,0.21920326
mere,-0.16510795,-1.515894
merely,0.67093694,0.2923913
merest,2.2326427,1.7301555
merlin,2.328366,-3.751863
mermaid,-2.2504778,0.72608596
mermish,-1.275853,-0.44253707
merope,1.5514796,0.026466982
merpeople,0.40071508,2.5946438
merrily,-0.8124242,2.0423446
merry,-1.9375547,-2.115729
meself,-3.9613242,-0.1655405
mesmerized,-0.17095685,1.520139
mess,0.3294788,-0.86760634
message,1.5155494,0.9854671
messages,-1.137602,-0.33619258
messed,-2.1334956,-2.4810102
messing,-0.8397964,-0.26365092
met,-0.12538919,-0.3969011
metal,-0.54841346,2.6873055
metallic,-1.454315,0.9154882
method,-0.63537556,-0.8205459
methods,0.983502,-1.6951737
mice,-0.30025926,0.29881462
michael,-0.299468,-0.030696815
midair,-0.7977929,1.7771028
midday,-3.3690765,-0.6740112
middle,-1.2520583,1.5052
middleaged,1.3194523,-3.1327744
midgen,-0.8018025,-5.01345
midnight,-1.5789795,-0.28302333
midst,1.2841675,0.9544263
migh,-2.5299356,-3.3625402
mighta,0.07426191,-3.4240882
mightve,-0.018343009,0.65266204
mild,-0.28363767,0.26020604
mildly,1.2381822,-0.266439
mile,-2.7118983,0.5625321
miles,3.3994236,-2.559052
milk,-1.3460896,-2.7242992
milky,0.1227466,1.7204226
millicent,-0.7338486,-0.15955004
milling,-2.3734884,-0.15152617
million,0.9368673,-1.6958282
mimbletonia,-3.4317808,-1.663644
mimbulus,-0.87680674,4.729007
mimed,-3.4880245,0.74021035
mince,-0.13466859,2.019879
mind,0.64793885,-0.4393752
minds,0.8955684,0.033433937
mine,0.82613444,-1.3073832
minerva,0.2079675,-0.3493172
mingled,1.3994325,1.223571
miniature,-2.5233943,1.1422808
minister,1.2539207,-0.7680333
ministry,0.85130876,-0.96111363
minor,-1.0220622,-3.3005276
minuscule,-2.490204,1.5751321
minute,-0.82652885,0.22740972
minutes,-1.0904365,-0.32690632
miracle,0.23702079,-1.2272793
miraculously,-3.9808397,1.1469277
mirror,-0.29363889,0.6731372
mirrored,-2.9897082,1.4810418
mirthless,-2.737912,0.7390253
miserable,-0.039916564,-0.26190102
miserably,-0.2712461,-0.42773286
misery,1.8800011,-1.4275441
mismatched,3.15441,0.8858824
miss,0.8977663,-0.68367577
missed,-1.3089972,-0.5263607
misshapen,0.24299712,2.157655
missing,-0.10170992,0.62238324
mission,0.96831954,-0.6992133
mist,-0.8175984,1.7229861
mistake,2.8356533,-1.5591571
mistaken,1.7419059,-0.60960984
mistakes,1.8096695,-2.8139641
mistaking,-3.2469761,-0.13347718
misted,-0.022820655,2.1241536
mistletoe,2.6940844,1.4538516
mistreated,-0.9751189,-2.2754872
mistress,1.0906088,-0.12500039
misty,-1.6626366,2.6912136
misunderstood,0.9357111,-1.282322
misuse,1.1958005,-1.6049289
mixed,3.5073454,-1.5404634
mixing,-0.06831545,-1.3181607
mixture,0.2551215,1.1638896
mmm,0.30398116,0.25843236
mmy,1.7797043,-0.5822122
moan,-2.7853327,-0.014067868
moaned,-0.14904703,0.9419535
moaning,-3.9063525,-0.35866094
moans,-0.6881947,-0.51669157
mock,1.7035553,0.54651994
model,0.9008238,-0.09133166
modest,-0.50047314,-2.92291
modified,0.10736482,-4.429321
mold,0.5695437,3.586468
moldy,-1.7573092,-0.124083094
moleskin,-3.7263381,2.529657
molly,-0.1915213,-0.4502517
molten,-1.9650211,3.6486177
moment,-0.118891634,0.36279312
momentarily,-0.45428625,1.7608646
momentary,1.1618103,0.11237001
moments,-0.34324643,0.77624077
monday,-0.042897534,-1.8494892
money,-0.017456109,-1.3666253
monocle,-0.8630997,3.2215266
monsieur,-4.1610384,-1.4685597
monster,-0.33482537,-0.6116096
monsters,0.88138795,-1.778503
monstrous,0.4485326,3.6384838
montague,-1.9383563,-0.92657715
month,-0.38100845,-1.2809042
months,-0.028127741,-1.2766806
mood,0.0020018076,-2.178076
moodily,-3.8139648,-1.7111269
moody,0.29190004,0.10965109
moon,-0.2228807,1.0704963
moonlight,-1.6060427,1.7939793
moonlit,-2.9509294,1.1231029
moons,3.2208517,2.1374333
moonstone,1.5012426,3.5009801
moony,2.3156536,-3.1029449
moor,-2.054981,0.87117
mop,-1.9558713,-0.96360075
mopped,-3.6382108,-1.0453007
mopping,0.27567425,2.3032932
morale,2.7606084,-1.2117417
moran,-3.3179405,-0.41664368
moren,0.83969635,-2.0644581
moreover,2.7754312,2.671788
morfin,3.6596723,0.38554505
mornin,0.44902003,-2.721448
morning,-0.80541,-0.95982194
moron,-0.048765704,-4.0526495
mortal,3.2038789,1.1210486
moss,-2.3563862,-4.1607375
mossy,-1.7321857,3.4018874
most,1.5957192,-0.425628
mostafa,-1.8663034,1.8643435
moste,-1.5970336,-3.1836183
mostly,-3.5120628,-2.1037943
motheaten,-1.3933834,2.0841963
mother,0.6862831,-0.37519237
motion,-1.4597019,2.4998233
motioned,1.6658231,-4.2819414
motionless,-0.7370192,1.1822745
motorbike,1.1006709,2.451104
motorcycle,-0.20774142,2.2151537
mound,-3.6333487,-0.3455144
mounds,-1.9639233,1.6658885
mount,4.4264812,-0.4462248
mountain,-0.97105277,0.4586057
mountains,-1.3525915,4.163286
mounted,0.44252548,1.6098924
mounting,0.82475597,1.1311054
mournful,0.7979929,3.4344182
mournfully,0.5215266,4.488953
mouse,2.2842243,3.299747
mousy,-0.9641956,3.4162076
mouth,-0.06923918,1.3883702
mouthed,-3.4151223,2.0650702
mouthful,-1.4981983,-2.719511
mouthfuls,-2.10473,2.6212556
mouthing,0.72243536,0.92325896
mouths,-1.0776078,1.4458085
move,-0.20516974,0.43515176
moved,-0.65067434,1.1414258
movement,-2.203903,0.42981425
movements,-0.90248924,1.1180187
moves,-4.4775867,0.22312088
moving,-0.94424814,1.0145131
mrs,-0.32970616,0.1424698
muck,-2.1066964,-1.2773204
mud,-1.5156362,2.1310265
mudblood,0.47148854,-0.7551791
mudbloods,0.2606819,-2.326307
muddy,-1.5274751,4.2057314
muffled,-0.7730189,0.20838486
muffliato,-2.7851255,-0.41207612
mug,-0.42450145,1.5139943
muggle,0.8579308,-1.1823628
muggleborn,1.6593461,-3.3853028
muggleborns,-0.0491842,-0.75557405
muggles,0.7890072,-1.1946354
mugs,-2.401516,3.6875012
mulciber,1.1906432,-3.0015879
mullet,-3.3001478,-0.14344725
mullioned,-1.4333737,3.2503457
multicolored,-1.576155,2.652012
mum,0.08830397,-0.8696168
mumbled,-0.33765036,-2.44735
mumbling,-2.4429832,1.9944416
mummy,1.111193,-2.545598
mundane,2.3728075,3.4479303
mundungus,-0.57452327,-0.5317508
mungo,0.93837696,-1.3947368
murder,1.2561241,-0.4721738
murdered,1.2810873,-0.72751963
murderer,1.5623927,-0.9326979
murdering,2.0637784,0.4072665
murderous,-2.1793308,-2.841109
murders,1.0328853,-0.97633725
muriel,0.6964375,0.31512952
murky,-2.0641918,-2.7695174
murmur,-2.0986507,-0.9209768
murmured,2.1387005,2.4793553
murmuring,1.249957,0.40602154
murtlap,2.1142406,2.0431044
muscle,0.23846748,2.4444544
muscles,-3.1464674,-1.2519239
muscular,-0.7735248,2.0958107
music,-1.336012,1.4657017
musical,-1.9229403,-0.50112677
must,0.68939674,-0.48050573
musta,1.8410019,2.2159972
mustache,-3.0520813,2.198758
muster,-2.5683548,0.8536594
mustnt,-0.31205955,-0.81903785
mustve,0.75569916,-2.5011923
musty,-0.86104184,0.59079665
mutilated,-3.2125852,3.0048895
mutinous,0.79921824,-2.1058435
mutter,3.231788,0.50419796
muttered,-0.18978444,0.3295966
muttering,-0.5842824,0.69739556
mutual,-0.518015,-1.3257029
myrtle,-0.38105977,0.06943585
myself,1.7203729,-0.06961216
mysteries,2.4711065,-1.0059407
mysterious,0.010090442,0.817903
mysteriously,1.6368402,2.4232776
mystery,2.3326373,1.1321303
nagging,-0.81640095,-2.147659
nagini,2.5467677,0.7957384
nah,0.65072584,-1.5477504
nail,3.4832985,-0.5445653
nails,3.414026,-0.52019703
naked,2.6117322,2.8042266
name,0.5974034,-0.21911743
named,1.4471287,-2.516326
names,0.5932198,-0.8005409
napkin,-3.660766,-1.958332
narcissa,1.3243518,0.58864313
nargles,1.1504177,-2.4144485
narrow,-1.7008115,1.2732955
narrowed,0.16798948,1.6617137
narrowing,0.59947324,1.5087122
narrowly,-1.5766993,-0.4354372
nastily,2.0739033,-0.7995851
nasty,0.01909197,0.25370145
national,-2.5191798,-1.3657261
natural,0.24536529,-0.86221343
naturally,0.817093,-0.17389756
nature,2.5727835,-0.23956743
naughty,1.5719554,-1.6243541
navel,-3.6781104,2.5593681
navy,-0.13092971,4.1955514
near,-1.0116538,-0.41514432
nearby,-2.0365999,0.7054777
neared,-3.592714,-0.049626388
nearer,0.05532506,0.77653295
nearest,-2.0329852,1.6515925
nearly,-0.50762004,-0.22843823
neat,-1.6433222,0.5193918
neatly,-0.8282129,1.2995424
necessarily,-2.8056378,-1.2225803
necessary,0.13992023,-0.39255148
necessity,1.0918324,-2.4035861
neck,-0.57169765,1.8387929
necklace,0.2003884,-0.25948942
necks,-0.08617311,3.500659
need,0.46143377,-0.622921
needed,0.4474116,-0.5353194
needing,2.3808382,3.3712258
needles,0.28658453,-3.0535374
neednt,-2.8436518,-2.4465756
needs,0.2986311,-2.2433758
neglect,1.6623552,-0.79914343
neglected,1.8240606,-3.4886985
neighbor,2.424225,1.3234029
neighboring,-3.07669,2.4995458
neighbors,1.7917651,1.5426295
neither,0.6187399,-0.42674085
nephew,1.9567256,0.2187182
nerve,-3.0568705,-0.097498015
nerves,0.001355231,0.026395263
nervous,-0.8895064,-0.9240296
nervously,-0.39831525,0.33163232
nest,-2.1271162,-0.43948853
nestled,-1.6236665,1.0950018
net,0.6636275,3.1843996
nettles,-4.5188446,1.5500503
network,-2.5046625,-2.4338667
nevertheless,0.1285074,-0.10987046
neville,-0.29582223,0.19739345
new,-0.07849757,-0.7386372
newly,-0.6605497,0.90387154
news,0.49114415,-0.3539053
newspaper,0.84361887,3.278277
newspapers,2.9102707,-3.3327065
newt,-0.015679602,-4.2648387
newts,0.8715994,-2.9882536
next,-0.603751,-0.20676729
nice,-0.107717074,-0.48952273
nicely,-0.8466731,-3.1315632
niche,-4.2425227,0.14286308
nicholas,3.6119125,1.7073593
nick,2.7506886,1.1292574
nicked,-1.8372341,-1.7326204
nickname,2.8805916,-0.27691883
nicolas,3.8226814,-2.5718975
niffler,-1.1295993,-0.5792095
nifflers,-1.7402042,-1.0074036
nigellus,2.0049942,1.8685933
night,-0.2144997,-0.4955713
nightcap,1.3946207,1.6865097
nightdress,-0.82743657,2.33313
nightfall,1.7869759,0.8968862
nightmare,-0.46889684,-1.6176789
nightmares,-3.1556218,-1.892392
nights,3.8751945,-1.865187
nightshirt,-0.5141926,2.7020488
nighttime,0.9900407,-1.6816062
nimbus,-1.3285507,0.16973138
nine,1.929332,0.35836715
nineteen,0.16244043,3.6507525
ninetyseven,3.783443,-0.6044956
ninth,2.3010883,1.6376431
nip,-0.03978024,-2.691391
nobility,2.2576559,-1.2058096
noble,0.9304193,-1.2125697
nobody,0.51983714,0.17088912
nod,0.8333349,0.9191217
nodded,0.3796378,0.4241605
nodding,3.2290213,1.2017237
noise,-1.0654682,0.6877051
noiselessly,-1.4186498,1.3678784
noises,-0.7339856,0.33311805
noisily,-2.784067,0.76495755
noisy,1.0786457,-3.6633897
none,0.22377454,-0.7440386
nonexistent,1.0653082,0.96063834
nonmagic,0.52148783,-2.2961762
nonmagical,-0.22765031,-1.9691207
nonplussed,0.78817815,0.8678317
nonsense,0.5342252,-1.1383938
nonstop,-1.9986571,0.1275476
nonverbal,1.6451917,-0.10769539
nope,-1.6789483,-1.6448647
nor,0.47643846,-0.4354428
norbert,-0.22265232,-2.0515988
normal,0.07312273,-1.3116643
normally,-0.73424715,-1.0600108
norris,-0.45738038,0.37339753
north,-1.5197451,0.18622498
norwegian,1.7483332,-3.5137908
nose,0.0055029485,1.7927676
nosebleed,1.6577774,-0.032858983
noses,-0.93061364,-2.09265
nostrils,0.15283863,1.1719202
nosy,0.70237494,-2.0802722
note,-0.10437104,0.204189
notebook,0.25933307,2.3733702
noted,-0.50358623,-1.8467643
notes,1.9606489,0.9890927
nothin,-0.067561455,-2.3323927
nothingness,-1.4729476,1.4722332
notice,-0.33869648,0.06909129
noticed,-0.18670394,0.10735829
notices,-0.7525757,-1.2242914
noticing,2.9763181,2.2939498
nott,2.1557992,0.7635442
nougat,-0.020168927,-2.021197
november,-2.0197856,-0.22746417
nowhere,-1.9671942,3.228367
nudged,-0.47836375,0.43795705
numb,0.3024605,1.0570391
number,-0.54113823,-0.55930775
numbers,2.4365933,0.083918884
numbly,0.84182334,1.9972957
nurmengard,0.8006212,-0.92150724
nurse,-0.32893822,-0.91950566
nursing,-1.5577462,-0.8362746
nuthin,0.024047794,-2.6610835
nuts,-0.76745826,-2.7103114
nutter,0.7810681,-3.324699
nutters,-1.1787726,-3.3228548
nymphadora,1.114914,-1.7938247
oaf,-1.4258755,-1.7048728
oak,-2.3123827,1.3884236
obediently,1.3877288,0.7462854
obey,1.664785,-0.42588148
obeyed,1.4836102,0.4502112
obituary,2.620849,0.0483779
object,2.6312194,-1.8509475
objection,-0.22827896,-0.33997038
objects,0.6647668,1.067157
obliged,-1.5018632,-2.0578277
oblivious,-1.2899312,-3.324163
obscure,2.7902696,2.937723
obscured,-1.1828985,3.554494
observe,2.8193455,-1.0338452
observed,3.287105,2.155114
observing,-3.7698812,-0.686062
obsessed,-0.26285198,-1.8380555
obsession,1.8920931,-0.093699925
obstacles,-2.0374746,-1.1174843
obtained,1.8202101,-3.1086433
obvious,1.6765218,1.5228213
obviously,0.91903126,-0.21864203
occasion,0.39178208,-0.6878376
occasional,-1.1016581,-3.160022
occasionally,-0.5580648,-2.1508532
occasions,0.6311137,0.09005015
occlumency,2.5010917,-1.79474
occupants,-1.9863852,-0.25697497
occupied,-1.8367381,0.9026936
occupy,1.5698143,-3.6221573
occur,3.2361486,-1.6069982
occurred,-2.5319264,-3.0998905
oclock,-0.98956877,-1.702839
october,-1.0335623,-0.75378996
odd,0.5723613,0.88513124
oddly,-0.063330166,0.9345758
odds,-1.9925998,-1.9829702
offend,-1.6631658,-2.3271427
offended,-1.5805849,-3.199856
offense,0.638733,-1.9921219
offensive,-1.9201654,-2.5998914
offer,0.36367008,-0.7204892
offered,2.2889395,1.2581029
offering,-0.9526619,-0.5109016
offhand,-0.18469794,-1.8674273
office,0.31617212,-0.112249926
offices,-0.2174924,-1.224917
official,1.2551755,-0.7513163
often,-0.173641,-0.4135254
ogden,-0.55248195,0.54831636
ogwarts,-0.4594412,-0.24508967
oho,0.08870491,-3.2237668
oil,-1.7944474,2.6505618
oily,0.14176162,-2.6275806
old,0.032303296,0.17139229
older,2.2515025,-0.4337416
oldest,-1.9528048,-0.7841994
oldfashioned,-1.4667705,1.804142
oliver,-0.032396577,-0.75433874
ollivander,0.6810368,0.92276007
olly,-2.4816692,-4.2619424
olympe,0.3003014,-2.4045672
omen,-2.6882508,-1.4616513
omens,0.5148564,-2.8581977
ominous,-0.5275757,0.8610068
ominously,1.4616685,2.8052647
omnioculars,-0.23625383,0.7158559
once,0.009939926,0.28790006
oncoming,-2.6633332,0.15036523
onearmed,-1.8686929,3.8334577
oneeyed,-2.5902698,0.76226723
onehanded,-0.3345255,2.1454375
ones,0.019109411,-0.44529486
onion,-1.0062672,-0.03538819
onlookers,-1.1776403,4.157218
only,0.18651721,-0.31456605
onto,-1.4453548,1.6564648
onward,-0.9715474,2.8214877
ony,-0.5254188,-2.2068903
ooh,-0.82293975,-0.87933224
oooh,1.729787,1.4751008
ooooh,2.4418433,-0.96462077
oozing,-0.019124966,3.1260433
opals,3.9275508,0.963602
opaque,-0.94403523,3.453888
open,-1.0125732,1.1934352
opened,-0.7426633,1.020687
opening,-0.8957737,0.99941194
openly,0.0038305093,-4.443859
openmouthed,-2.7223203,2.8409443
operating,-1.2068706,-0.4282904
operation,3.5758536,1.5666835
opinion,2.2313387,-2.8746843
opponent,2.6693423,1.235194
opponents,-2.7390893,1.2064999
opportunities,1.6552007,-2.762822
opportunity,1.1793232,-0.5956073
opposite,-1.5332893,1.3714638
option,-0.96054816,-3.3830671
options,2.1831524,0.44398326
oracle,0.4204011,-2.7343512
orange,-1.1983978,3.004374
orb,-1.6615862,2.6023405
orbs,-0.19804674,3.0631707
orchard,-1.8370572,3.5423274
orchestra,-0.89441895,0.38616708
order,0.9068564,-0.8644813
ordered,3.3074841,-2.4515224
ordering,1.1563228,-2.1673026
orders,2.0246832,0.013876202
ordinary,1.3508618,-0.38228163
organ,1.8955157,-0.20715001
organization,1.2006314,-1.1887721
organize,3.09114,-0.891695
organized,3.1683784,-3.318955
original,0.51980567,2.6991618
ornate,-1.889123,3.1102154
orphanage,0.71635926,-1.3286737
orphans,-3.3781989,2.5075285
other,-0.29959735,0.09460121
others,0.12065913,0.06007091
otherwise,0.096563034,-1.4039292
otter,-2.644893,-1.7376219
ottery,-5.369381,-0.024726858
ouch,-3.837519,2.2099078
ought,0.89564323,-0.7792461
ounce,-4.448453,-0.87145865
ours,0.37244266,-1.4866505
ourselves,0.59074175,-1.6757317
outbreak,3.4927037,2.7783146
outburst,-1.1733068,-1.3207763
outcome,-0.68518686,-1.7306617
outer,-3.5380375,-2.5201316
outline,0.041198518,2.5119574
outlines,-1.3437207,-0.62919515
outofbounds,-1.0092589,-0.09303005
outrage,2.0758893,0.79984516
outraged,-0.6275768,-0.31695616
outrageous,3.055542,-0.2245781
outside,-1.3249393,0.5563183
outskirts,-0.7447344,-1.1049633
outstanding,0.55252707,-2.293716
outstretched,-0.19725166,1.9002458
outta,0.18458502,-1.5990845
oven,-0.8763925,-2.1849248
overcoat,-0.96878546,3.4544268
overcome,0.7911432,-1.1453536
overexcited,0.5847671,-3.59808
overflowing,-2.547902,0.8028283
overgrown,-0.5418007,1.5386817
overhead,-1.5979035,1.0955396
overheard,0.07904822,-0.6469581
overlarge,1.5614815,1.9525812
overnight,2.8192744,-2.2831666
overpowered,-0.6718773,-1.5564791
overturned,-0.937728,0.6613257
overwhelmed,2.2667637,-4.084451
overwhelming,-1.783314,2.8160925
owe,0.96793383,0.28888756
owing,0.32759783,-2.780153
owl,-0.68844134,0.12577116
owlery,-0.84524435,-4.2779493
owls,-0.94659656,-0.15500394
owned,0.1692446,-0.4125209
owner,0.5649644,0.9285092
owners,3.0227482,1.207916
ownership,0.79834044,1.5267849
pace,-3.91054,2.373381
paced,1.436839,2.7731748
paces,-1.8161805,0.46865523
pacing,-0.68514144,0.3955532
pack,-2.0228467,-1.0583142
package,-1.2484257,2.3310916
packages,-1.7381427,1.8002019
packed,-1.0859965,-0.39704153
packing,-0.41665074,1.6443557
paddock,-3.4568083,2.898331
padfoot,2.1538134,-3.258819
padma,-3.0443375,1.1838008
page,1.5460266,1.2316805
pages,-3.3179798,1.5844995
paid,3.3907983,-2.768243
pain,0.13682047,1.1592718
pained,0.539416,-2.0360796
painful,0.36384967,0.567899
painfully,0.38178492,0.5599609
painless,1.1237038,-0.4386284
pains,1.7929116,1.8535221
paint,-0.072192736,2.2303267
painted,-2.099622,2.5508645
painting,-2.0373745,0.28658485
paintings,-2.0503762,0.98973066
pair,-0.92974204,1.890181
pairs,-0.37718204,-1.8065135
pajamas,2.1191783,2.6118357
pal,-0.0363512,-2.7287729
palace,2.2394958,1.9824708
pale,-0.23825677,1.612503
paler,-0.40290368,-1.6171187
pallid,1.3498722,1.3722718
palm,-2.3986027,1.6457382
pals,1.2111217,-0.27511963
pan,-0.5857649,-2.3789077
panel,4.0193048,1.4266565
pang,-0.8156761,-3.7086806
panic,-0.2460958,0.09954555
panicked,-0.6858176,-2.4709494
panicking,-1.9414908,-0.21240728
panicky,-0.8641807,0.11779
panicstricken,-1.5894321,0.22086525
pans,4.3942604,0.5089567
pansy,-1.8107933,0.2620353
panted,0.97711,1.3112774
panting,-0.8911222,1.4303067
pantry,-2.2388942,1.2977307
pants,-0.37639666,0.6420368
paper,-0.21694899,1.9605775
papers,0.30317193,-0.09427658
paragraph,2.1368546,2.519181
paralyzed,-1.1069112,3.9738865
paranoid,1.7500383,-3.6289823
parcel,-0.87606996,0.29591697
parchment,-0.2484593,2.2627075
pardon,1.4509144,3.330772
parent,2.25019,-0.2372423
parentage,1.20082,-1.1475512
parents,0.9445706,-0.6703459
park,-2.2302496,1.580489
parked,-1.8648217,2.6790242
parkinson,-2.2939887,0.13754325
parlor,-2.3927557,-0.62830055
parselmouth,-2.0947363,-1.4112331
parseltongue,2.8823733,-0.388602
part,3.2874825,-1.6251078
parted,2.1154962,1.8247994
partially,-0.4792078,1.6314553
particle,-0.964239,2.3394506
particular,1.2483791,0.2385576
particularly,-0.15212317,-0.23029551
parties,0.5957,0.3911396
parting,-0.045161746,3.5778868
partly,-4.0692115,-1.3550824
partner,-3.33301,-1.1365858
partners,1.9900128,1.4751565
parts,-4.174101,-0.84989774
party,-0.8163449,-0.50594383
parvati,-1.9981229,-0.95324266
pass,1.788094,-1.4514163
passage,-1.988484,1.0599297
passages,2.4256144,0.5663752
passageway,-3.7778523,1.1822578
passageways,-3.7934945,1.8534197
passed,-0.8525455,0.4258246
passersby,-3.2129176,1.6830091
passes,0.035043802,-3.1043637
passing,-1.1160225,0.11795593
password,3.2085903,1.9505385
passwords,1.4271324,-1.8782805
past,-1.3284284,0.58192205
pasties,-1.1200423,-3.054919
pastilles,0.48405102,1.289372
pasty,0.509864,1.0999676
pat,1.0789177,3.7180796
patch,-2.8606353,2.3842597
patched,-0.11112206,3.0005841
patches,-1.255038,2.3880465
patchwork,-1.9943397,2.3517458
patchy,-1.2518498,0.2951585
path,-1.7135323,0.88981867
pathetic,-1.2620033,-3.3202457
patience,2.1820931,1.0827378
patient,3.271009,1.2180388
patiently,-0.3330054,-3.8831904
patil,-2.2689662,-1.278174
patrick,3.1556456,1.4041461
patrol,-1.1922944,-1.1400868
patrolled,-3.3721354,2.4126618
patrolling,1.7036433,0.4071008
patronum,0.48405403,4.305045
patronus,0.072655395,-0.21051835
patronuses,-0.95439345,0.8830331
patted,-1.1334455,0.794884
pattern,-0.27728826,4.502705
patting,0.22593132,0.7560919
pause,0.90643317,0.07006816
paused,-0.15694726,0.55360514
pausing,-0.2846861,0.65231913
pavement,-1.0296912,1.110059
paw,-2.804453,-1.6381588
pawed,-0.91843235,0.92937726
paws,-0.9895884,2.008282
pay,-0.08611983,-0.79796374
paying,0.24935403,0.35981354
payment,2.003102,-0.4719121
peace,-0.24651852,0.3335083
peaceful,-3.8548195,1.2904465
peacefully,-1.7556347,4.246795
peacock,-0.57842034,2.547986
peakes,-0.20110783,-1.7073659
pearly,-0.39662004,0.5959787
pect,0.00415264,-2.4995294
peculiar,-2.407477,-1.9878159
peeling,-1.5612941,3.224057
peer,-2.5390522,0.63366944
peered,-1.8492445,0.89253956
peering,2.6799612,2.1313171
peeves,-0.13826072,0.28940198
peg,-2.7115085,2.6751997
pelted,-3.0871534,1.1493658
pelting,-2.5142815,2.0799046
penalties,-3.3686013,1.148391
penalty,-2.4381576,-0.8643412
penelope,-2.788095,0.4310833
penetrate,3.0963469,2.2885222
penetrated,1.2670174,-0.7243063
penetrating,1.3279499,2.5029056
pensieve,0.8769156,0.62931675
people,-0.20413207,-0.1503519
pepper,-0.05675069,2.9780445
peppermint,-4.0096827,-1.0997968
perce,-2.35387,-2.8965235
percent,3.0331097,0.19869012
perch,-1.4319401,1.9672687
perched,0.9072424,3.7061713
percival,2.5171585,-0.123315476
percy,-0.3418915,-0.13832691
perfect,1.0827434,-0.22951004
perfectly,0.20779832,-0.5019162
perform,-4.2473397,-1.4318252
performance,2.7965734,-1.0373234
performed,0.84003735,0.14136289
performing,-2.3078175,-1.3381094
perfume,-1.6271101,2.8171325
perfumed,1.0285325,3.7263951
perhaps,0.62307996,-0.35407043
peril,-3.390122,-1.521745
period,-2.115108,-4.113798
periods,-1.338985,-2.538667
perkins,1.5089809,-0.7938216
permanent,-0.11489232,-1.2797376
permanently,2.937975,-0.1540969
permission,3.978547,0.43819842
permit,2.1688633,-2.0770152
permitted,0.78517836,2.7539968
perplexed,-0.25263166,0.49215788
persisted,1.5011802,-2.8914456
person,0.8313585,-0.7273781
personal,1.6737288,-0.64811254
personally,0.5816386,-1.3599015
persuade,0.26331368,-0.9465995
persuaded,0.3527549,-1.553044
persuading,-0.33181658,-1.3144524
perusing,-2.0848775,1.4148824
pet,0.48916245,-0.65447426
peter,1.9257722,-0.0051363646
petrificus,-2.2463756,0.54048806
petrified,-3.5845325,-1.9660242
pets,4.0017467,-0.35782355
pettigrew,0.3189462,0.47603127
petty,1.6028651,-3.115097
petunia,-0.70274985,-0.08677273
peverell,1.2721168,-0.74905795
peverells,3.1472445,-1.0091667
pewter,-1.6233369,2.958813
phase,1.959855,-0.71244085
pheasant,-0.4089384,3.9909487
phineas,1.979023,1.869545
phlegm,0.02384588,-2.1291304
phoenix,1.7964603,0.75036794
photo,-3.8077095,1.5767199
photocopying,-2.3469021,-4.1621804
photograph,-0.056261417,2.6090243
photographer,-0.6187983,1.9183174
photographs,1.0308236,-1.0991163
photos,2.4547918,0.6833737
phrase,1.754069,-0.9282547
physical,-3.0351863,-0.6818271
pick,-0.6187173,-0.3598727
picked,0.29842487,0.63538057
picking,-1.9959507,-3.700433
pickled,-0.52195805,3.048778
picture,-0.041414056,1.5016806
pictured,1.8568052,1.5074904
pictures,2.7992234,2.8913271
picturing,-3.4596674,2.4990857
pie,-1.1808941,-0.97815603
piece,-0.10587338,2.121472
pieces,-0.69666564,0.3189773
pierced,-0.8788097,2.5959458
piercing,2.1936123,1.581844
piers,-0.873228,-1.088162
pies,0.8998302,-3.4830189
pig,0.78289473,-1.0872494
piggy,0.86004317,2.7809885
pigwidgeon,-1.9752548,1.3612448
pile,-1.4537818,2.257795
piled,-2.8566642,2.7084365
piles,-0.09584445,2.966155
piling,2.3669682,-4.0118356
pillar,-2.402238,1.8223405
pillars,-3.3608336,1.5931908
pillow,-0.94647384,1.5563523
pillowcase,-1.3758993,2.7568953
pillows,-3.6920936,-1.6075008
pimples,-0.644183,3.277058
pimply,1.2329785,-0.644758
pin,-2.303261,1.9364071
pince,0.5587664,2.7264194
pincers,-4.167152,-0.038865905
pinch,-0.53711885,2.9371772
pinching,-2.8330445,-2.4056132
pine,0.5231992,-4.070891
pineapple,4.0462956,0.13144365
pink,-0.8653051,2.7541368
pinned,-1.1183126,0.74623585
pinning,-0.24335359,2.9835823
pinstriped,-0.5008027,2.8206627
pipe,-1.5852388,1.6140617
piped,1.3729773,-1.3154173
pipes,1.9638426,3.429568
pit,-2.7650414,1.9642444
pitch,-2.581097,-0.7307239
pitchblack,-1.3330985,1.8934745
pitched,-4.170043,-1.486399
pitiful,0.5619812,0.28647825
pity,0.62782633,4.546539
pius,1.2692889,2.6600723
pixies,0.33364686,-4.0226345
place,0.33210275,-0.34305608
placed,-0.6871687,1.6353556
places,0.52761316,-0.37966096
placidly,0.99383533,2.5008643
placing,-0.41946536,-1.888883
plain,0.09984057,1.5305796
plainer,-0.33699837,-1.2167585
plainly,0.7440509,-0.35765755
plait,-0.01829634,2.2805154
plan,1.5777245,-0.26732585
planets,1.3272076,-2.6044953
planned,-4.0857086,1.1214066
planning,0.1263056,-1.502784
plans,0.25591356,-0.20200858
plant,-2.7827299,-3.275085
planted,1.591312,-1.2416401
plants,0.7723312,1.3039386
plaque,-2.5062575,-3.244778
plastered,2.8276792,-0.43630952
plastic,2.2960572,0.8576561
plate,-0.81484324,4.318455
plates,0.841554,2.6289682
platform,-2.484159,1.2392884
platforms,-2.5989604,0.43173227
play,-0.45616248,-1.4081379
played,-0.94341445,-1.3478272
player,-1.6098552,-1.207999
players,-2.2931123,-0.91941357
playground,-3.2356534,0.8685824
playing,-1.1299559,-1.2151874
plea,1.0601993,-2.6021075
pleading,2.4025311,3.9408362
pleasant,1.4749817,-3.500236
pleasantly,0.6973189,-0.01560382
please,0.27949688,-0.29722473
pleased,0.07094401,-0.32629672
pleasure,0.41690427,0.1186735
plenty,0.3692835,-0.619731
plimpies,-2.074741,-2.064775
plinth,-1.5129918,1.4630398
plot,3.1524947,-0.6039866
plotting,0.974119,-1.9222711
plowed,-1.5725031,-0.3345801
plucked,-2.6545606,-0.51318103
plugs,0.3952662,-1.3363444
plum,-0.60716665,2.9189281
plummeted,1.4267114,2.8106596
plump,1.7307124,4.062454
plunged,0.40032312,2.7802484
plunging,0.62613535,1.9973174
plus,-0.52364427,3.6967103
pocket,-0.44429016,1.7502265
pocketed,-0.6956791,-3.5260284
pocketing,-4.2407265,1.5387995
pockets,-3.057116,1.3296145
pockmarked,-1.9833622,-2.7583158
pod,-1.2321435,-0.031221274
podium,3.8847282,1.2067789
podmore,-1.6254762,-4.1838675
pods,0.05093776,1.7116275
point,0.26621136,0.20306149
pointed,-0.51492816,1.67176
pointedly,-0.090128265,3.098594
pointing,-0.64332753,1.191406
pointless,0.4120186,-1.7175556
points,-1.3578702,-1.063023
poised,1.6138836,2.9192572
poison,0.27922678,-0.46155536
poisoned,1.3345325,-3.8502002
poisoning,0.3198681,-2.1449838
poisonous,1.1868623,2.4393902
poisons,0.44000128,-2.0699592
poke,1.8265224,0.56264144
poked,-0.63139814,1.1464243
poker,0.32817584,2.097106
poking,-0.27768683,1.8317693
poles,-3.446808,-2.0360448
police,1.1429948,-1.824801
policy,1.5410708,1.6481636
polish,-3.6027548,-1.3473173
polished,-1.8383477,1.2660046
polishing,-1.8249904,-0.033590913
polite,0.17309156,-2.3622184
politely,0.362688,0.9698005
poltergeist,-1.0433706,-0.10819453
polyjuice,0.2918726,0.02670659
pomfrey,2.1289263,1.2246487
pompous,4.362072,-2.1452515
pompously,0.675079,1.1138644
pony,-1.9441203,4.063513
ponytail,0.33967987,1.7626171
pool,-1.1159605,1.6362208
poor,0.4941264,-0.6767716
poorly,0.04060548,-1.1081688
pop,-1.3970343,0.28767803
popped,0.4738228,1.5406435
popping,-0.24886772,1.4369173
pops,-0.71679157,0.45003712
popular,0.22341469,-1.6761223
population,1.9860909,-1.9173678
poring,-1.7683231,-2.8617551
porridge,0.7399936,2.9606507
portion,3.407156,3.0699935
portkey,0.6148142,1.2720404
portkeys,2.774466,-1.1916784
portly,2.3007953,-2.2065237
portrait,-1.213911,0.81251526
portraits,-1.7760824,0.24645655
position,-1.8785452,-0.18306875
positioned,-4.335798,1.1366464
positions,1.2785485,0.36192974
positive,0.61434734,-0.6949453
positively,0.28197768,-0.029218085
possess,2.1875033,-0.96131223
possessed,-0.5722146,3.94487
possessing,2.2318773,-1.764236
possession,-1.6062502,-0.88129795
possessions,-1.0455407,1.5744678
possessor,3.1519785,0.24334446
possibilities,-3.4480734,2.214201
possibility,1.505486,-0.29340136
possible,1.2437464,-0.6232203
possibly,0.09035184,-0.7656717
post,0.4531496,-0.68897873
poster,-1.7118196,-0.5919954
posters,1.4147753,1.1775877
postpone,0.012016413,-1.1910017
pot,0.45881817,2.7429867
potato,2.9464476,2.6266775
potatoes,1.9124509,4.519362
potion,0.31193587,0.07473687
potionmaking,-1.7258992,-2.5709622
potions,0.17964298,-1.5543336
pots,0.57625425,2.4540937
potter,0.48696727,-0.3953722
pottermore,-2.2469285,-4.163742
potters,1.0125214,-0.46065494
potterwatch,1.8827021,-1.4882199
potty,0.6171767,-1.4450711
pouch,-1.3620094,2.4100802
pouchy,0.21166573,2.5086055
poufs,-1.5456307,1.1338644
pound,1.6684667,2.118995
pounded,-1.4561523,2.9179392
pounding,1.515209,4.02844
pour,-3.8473022,2.2225869
poured,0.82205105,3.330675
pouring,-4.6808662,1.2062814
powder,-0.844733,1.4400033
powdered,-1.4362146,-3.3968992
power,2.3583014,-1.7239496
powerful,0.9156145,0.083076544
powerfully,-2.6263008,1.8504541
powerless,1.2364566,-1.6401688
powers,3.0017562,-0.48946968
pox,-3.8112977,-0.6639297
practical,0.052701667,-2.1455104
practice,-0.460428,-2.1894739
practiced,-1.6868833,-2.430757
practices,-0.62986726,-2.4707391
practicing,-0.43121627,-0.42601135
praise,1.1040958,1.3208373
prat,-0.2414867,0.41539574
praying,-2.412179,3.4865232
precariously,-3.8273523,2.436898
precaution,1.3013514,0.8531963
precautions,2.1091602,-1.2198749
precious,0.95155704,1.2017708
precise,3.9632227,1.0165557
precisely,0.62364286,-0.32662353
predicted,2.1900535,-0.21405199
predicting,1.1041489,0.52082783
prediction,-3.7881112,-1.8223994
predictions,-3.0607567,-0.2627555
prefect,-2.2559922,-1.6049645
prefects,-1.7663754,-0.9366428
prefer,4.112825,-0.99255615
preferred,0.9191783,-0.51697546
prefers,3.1882226,-3.3924146
premises,1.0351061,-2.0149014
preoccupied,-3.2754364,-3.138376
preparations,-1.0584469,-0.7055729
prepare,0.76055306,-3.6956468
prepared,2.3123684,-1.0017055
preparing,-0.56151026,1.4743792
presence,0.88976824,-0.5771006
present,0.3278514,-0.047676735
presented,1.8694935,-1.6969508
presents,1.9222604,4.410535
president,-2.8208754,-3.5338511
press,1.3539635,4.3930335
pressed,-0.079085454,1.788532
pressing,0.6151723,1.1396056
pressure,0.09772513,-1.7750466
presumably,-2.1627648,-0.27877745
pretend,1.2164729,-0.0019828049
pretended,1.1219776,2.9176269
pretending,-2.273889,-1.8324997
pretense,3.3276625,1.6962413
pretext,-1.8742589,1.6168878
pretty,-0.11537976,-1.8418974
prevent,0.3604263,-0.4233111
prevented,2.0538332,-2.8674629
preventing,1.1010301,0.22715093
previous,0.56357324,-3.5007997
previously,-1.4964497,-1.2194142
prewett,2.9531436,0.15821213
prey,2.0590858,-1.9307837
price,-0.08488258,-0.9347285
prickle,1.7630343,3.4689457
prickled,1.1302549,0.9066541
prickling,0.78353775,0.8553451
prickly,0.63717073,3.64663
pride,-0.40892726,-1.8925122
prime,1.4982231,-0.888852
prince,1.2762328,-3.5309105
principles,1.0931518,-2.2991686
print,1.9962244,-1.0885383
printed,0.4186511,2.2610362
printing,1.3885986,4.464769
priority,0.7427101,-2.8430707
prise,2.6018102,1.2616299
prison,-3.2794316,-0.07902685
prisoner,-1.7165436,-2.8567073
prisoners,-2.308928,0.49979773
private,2.1632154,-1.6271589
privately,-0.20969522,-1.7613453
privet,3.7503598,-1.753982
prize,-2.5743484,-2.335101
prized,3.3913805,-1.4598854
probably,0.1538054,-1.3124202
probation,0.12386411,-3.1447098
problem,0.5059198,-0.043940127
problems,-0.3527216,-2.4521914
procedure,-0.8079845,-1.755784
proceed,0.24968481,1.6053514
proceeded,-1.4428679,0.40920618
proceedings,1.9733846,1.8887985
process,2.4532692,2.6124706
procession,-2.5161238,0.6392396
prod,3.418832,-0.65813273
prodded,1.5671366,1.8308429
prodding,-0.47772706,0.56766206
produce,0.4279015,-3.9673517
produced,3.7216465,2.12129
producing,-1.2722429,1.6712525
products,0.054507997,4.4681044
professor,0.032586973,-0.04912748
professors,-0.0062492765,0.39116952
profile,0.27181843,0.43915197
program,-2.331409,-1.3377376
progress,-1.2075313,-0.4340941
progressed,-2.8957696,-2.5643778
project,-0.0125076715,-1.7992821
prominent,-0.45794177,2.979705
promise,-0.50257754,-3.712116
promised,0.5321871,-0.694364
prompted,0.29585403,-0.348253
promptly,-0.074889325,-0.39806336
prone,1.2537805,-3.6437883
prongs,-0.87032795,-2.5892692
pronounced,1.4650252,0.39925414
proof,1.1954929,-0.75875103
propelled,0.6670853,2.6867793
proper,0.72088015,-0.75535095
properly,-0.49772444,-1.9167808
properties,0.4274658,3.5351598
property,1.9494718,-1.673109
prophecy,1.153658,-0.5912222
prophet,1.874718,-2.1284811
prophets,1.1658463,3.7848983
propped,-2.061992,1.1192117
prospect,0.3244761,-1.1932617
protect,0.9048183,-0.3941456
protected,1.0508043,-1.4368626
protecting,1.9500731,-0.57187384
protection,1.8244145,-1.3287519
protective,1.5512208,-2.9583817
protego,0.39002386,-4.034815
protest,3.0232863,3.3890657
protested,0.357227,0.81567097
protests,-2.760378,3.2722719
protruding,0.12275518,4.4739423
protuberant,0.5241687,3.0108664
proud,1.2254461,0.08308138
proudly,-1.7235913,-3.1058493
prove,0.70978093,-0.60212046
proved,2.9820433,0.23227099
proven,1.5418899,-1.786955
proves,1.6897573,-3.9141724
provide,2.8795197,-2.7636003
provided,-2.671499,-2.7784617
providing,0.6164073,-2.3740282
proving,-1.6287045,-1.5677145
provoke,-2.043736,-2.3744874
provoked,-1.1348574,1.1681561
prowled,-4.201939,0.81282645
prowling,3.037462,-1.2130039
prudent,3.952266,0.25166094
pruning,-0.6321802,-3.0413156
pub,-0.9005148,0.54658514
public,0.52037275,-0.7290605
publication,4.3121157,-2.1533062
publicity,2.1980708,-2.177027
published,-2.237075,-4.211548
publisher,4.7054396,-1.8304508
publishing,1.1474326,0.2945329
pucey,-1.9974517,-0.534568
puddifoot,-3.1493661,0.52631676
pudding,-0.6130357,-0.47696444
puddings,-0.9010637,-4.1385045
puff,-1.0469598,3.5891278
puffed,-2.2003274,-2.9188492
puffing,3.0184093,2.77397
puffs,-1.3994882,3.0730824
puffy,0.28669515,1.8636875
puking,-1.0190483,-2.6749582
pull,-0.78069973,0.67639995
pulled,-0.7143652,1.5342672
pulling,-0.83932996,1.488634
pulse,1.0150158,1.0235897
pulsing,1.244073,1.0530089
pumping,2.0409646,2.7752602
pumpkin,-0.41978842,0.102842934
pumpkins,-3.5731738,-2.5094025
punch,0.58163404,1.112258
punched,0.035123598,0.06772456
punching,-0.9375128,0.7551372
punctuated,0.66118425,-2.299349
puncture,1.8851604,1.5933496
punctured,-0.07576168,3.972955
punish,0.8371031,-1.2544007
punished,-0.14851972,-2.4342554
punishment,1.0175223,0.68979764
punishments,1.1208602,-0.53328574
pupil,1.0024968,-1.3158236
pupils,2.9907017,1.0358533
puppet,1.9504716,-1.6761924
pure,0.7393431,-1.9200845
pureblood,0.4767181,-2.9611232
purebloods,1.0846782,-2.6111703
purge,-0.4370474,-1.5819007
purple,-0.6080995,2.9319854
purpose,0.62621546,-0.8489303
purposefully,-1.9480139,0.47556573
purring,-1.7357442,1.0917634
purse,-0.7198574,2.2071025
pursed,-1.1349016,-3.2692132
pursue,-1.6559145,-1.1407251
pursued,-2.1961954,-1.7464643
pursuing,2.0838122,-2.4530652
pursuit,2.745791,-1.4450164
pus,2.7212865,-2.8335333
push,-0.23967463,1.0527055
pushed,-1.064212,1.2756321
pushing,-0.9390957,0.71874887
puts,-0.1448414,-2.3260932
putting,-0.4979803,-0.06432392
puzzled,1.3773801,0.97828346
pygmy,-2.306685,1.2291391
quaffle,-2.785054,-0.838724
quaking,-2.422936,3.7832358
qualified,0.7614118,-2.0069027
qualities,1.6655482,-3.1817982
quality,3.5529726,-1.3419636
quantities,3.3897932,-0.3627289
quantity,-0.21298537,2.9480257
quarry,0.9596246,2.926214
quarter,-0.88433105,-0.31249547
quarters,2.5627923,-1.2113076
quavering,-1.0820514,0.054920577
queen,-0.8325947,1.2817785
quest,-2.2467291,-1.4597129
question,1.6747017,-0.485885
questioned,2.1960487,0.22133294
questioning,1.7686764,0.30464512
questions,0.2881921,-0.8966232
queue,0.17581071,-1.4893979
quibbler,0.99735236,0.7374864
quick,0.008916451,-0.10413313
quicker,0.19632211,-1.8529705
quickly,-0.1250614,0.110432245
quickquotes,0.27267244,2.394872
quidditch,-1.1220475,-1.2903714
quiet,0.10109407,-0.62249136
quieter,-0.16649808,-2.1291952
quietly,0.14061017,-0.02964942
quill,-0.14156295,1.9709826
quills,-0.4723331,0.16863336
quirrell,0.320986,0.13552031
quite,0.35375255,0.09524608
quiver,-1.975608,3.9314961
quivered,-0.7702985,3.2876718
quivering,0.31586143,1.6922958
quoting,2.3577154,-0.66597617
rab,1.7799402,-0.07791999
rabbit,-0.2321001,3.3775032
race,-1.5672044,-2.9287405
raced,-2.1283853,0.41342244
racing,-0.2960416,0.6024675
rack,-0.64793074,1.7773882
racket,-0.6003069,-0.4797947
radio,-1.9794724,-1.2474729
radishes,0.29270726,1.7176744
rafters,1.9659153,0.9033333
rag,1.1671385,1.583137
rage,0.65588063,1.3960701
raged,-0.49352068,4.2589045
ragged,0.42807186,2.099412
raging,1.3795545,-0.5238679
rags,-1.3488319,2.366549
raided,0.6985023,-1.5914626
railings,-0.8751282,0.7343016
rain,-1.339924,-0.4100422
rained,-1.2024838,2.4002633
raining,2.4584608,-3.74986
rainwashed,-3.2653952,1.2044665
raise,0.573273,0.60955614
raised,-0.07321152,1.1389595
raising,1.3785536,2.058823
raked,0.37429237,2.1606324
rammed,-0.81230223,2.352742
ramparts,-1.7114469,1.979167
ran,-1.0211822,0.7967627
random,-0.07537126,1.24552
rang,-1.8588777,-0.2529269
range,-2.458936,-1.72173
ranks,2.5782726,-0.21721575
rapidly,-0.46415493,1.964447
rapped,-1.116436,0.0643332
rapping,-0.9709335,3.6828246
rapt,0.24772379,0.56490153
rare,0.6887932,-0.9573717
rarely,0.83945906,-3.0857005
raspberry,1.6303113,0.689382
rasped,-3.3928616,-2.5417316
rasping,0.43021277,1.8172508
rat,-0.5475429,0.08763796
rate,1.2648813,1.2154806
rather,0.42152676,0.2931385
rats,-0.44884813,0.49863583
rattle,-2.5534108,3.6077726
rattled,0.72254527,2.2128813
rattling,-1.5543377,0.6678173
raucous,-3.5634017,0.5494393
ravenclaw,-1.7416372,-0.9079507
ravenclaws,-1.5327594,0.692647
raving,-0.91916513,-0.78775215
raw,-3.374292,1.03817
ray,-3.9012017,-1.5896678
rays,-1.9614118,4.107354
razorsharp,-0.2994254,2.2322547
reach,0.30286226,0.8796699
reached,-1.1206099,0.97047627
reaching,-0.8730004,1.3620652
react,1.5155765,-0.47092864
reacted,0.9578816,0.36440802
reaction,1.1261848,0.12621357
reactions,0.9255483,3.7243345
read,0.2592661,0.17432675
readers,2.0846462,-2.5374143
reading,0.25510883,0.25308174
ready,-0.043129332,0.2409859
real,0.7173787,-0.70893013
realistic,1.4276621,-2.0239542
reality,-1.7378979,1.9685829
realization,-3.6849442,0.892572
realize,0.42325476,-0.32876724
realized,0.359521,0.5769729
realizes,3.8838062,1.0009155
realizing,1.7270308,3.846282
really,0.22529301,-0.5988916
reappear,1.0973881,-1.9235351
reappearance,1.3318121,-4.048408
reappeared,2.3110628,1.8282193
reappearing,1.6848319,2.5807588
rear,-3.6616936,-1.6554885
reared,0.2464664,2.972436
rearing,-1.0434484,3.3287663
rearranged,2.1356363,2.6863096
reason,0.44535887,-0.39480093
reasonable,2.6410406,1.3282051
reasonably,0.39027694,-2.8625267
reasoned,2.7649336,-1.5474888
reasons,1.1390858,-0.8852854
reassure,1.1915191,-0.21468759
reassured,-1.3718675,-3.2782829
reassuring,-3.2545862,-3.1837318
reassuringly,-3.073566,-2.2488348
rebellion,-2.470226,0.16549109
rebounded,1.9893801,0.20053497
recall,1.6113337,0.009742095
recalled,-3.6254873,0.857992
recapture,2.7993293,-1.624907
receive,1.7336265,-0.5690073
received,2.5437968,-0.27276334
receiver,0.78389263,4.753116
receiving,-0.58007044,-2.030867
recent,1.989639,-0.5719332
recently,-1.2544837,2.3551373
reception,0.7167393,1.1922446
recited,0.3205883,-1.0187435
reckless,3.0278792,2.0316658
reckon,-0.056734566,-1.0733075
reckons,-1.9640486,-2.335049
recognition,-0.87150705,-1.0030421
recognizable,1.4530882,1.4741166
recognize,-2.8033237,-2.5497448
recognized,1.3013852,0.5373848
recognizing,3.4939833,0.15772581
recoiled,-2.9294858,-0.2995657
recollections,-0.72761637,-1.8340304
record,0.5982588,-1.6056908
recording,0.9299914,-0.45391217
records,0.9303242,-1.3392856
recounted,0.99505067,-1.2259351
recover,-1.4491729,-1.1769673
recovered,0.07791903,1.2319524
recovering,-1.889643,-1.5442665
recovery,3.3100142,-1.655701
recruiting,1.6343802,-2.412841
rectangular,-2.5240507,2.4672863
red,-0.54464567,2.4747443
reddening,-4.4363256,0.4522034
redder,3.086321,1.1827134
reddish,-1.7626181,1.8342108
redhaired,-0.8971015,0.6255779
redheaded,-1.6089418,-1.468371
reduced,1.2587643,2.760759
reductor,0.89503175,-1.388482
reedy,-1.8571905,0.48827887
reeled,-1.9416697,-1.3019336
refer,1.4711968,-0.9221992
referee,-1.4883218,-1.987583
reference,1.1828115,-0.42277494
referring,2.7367897,-0.57443184
refilled,1.7733293,2.7961893
refilling,0.2734217,-1.7464259
reflected,-0.3493533,1.3908203
reflecting,-0.91077936,3.5429535
reflection,0.17710958,2.1649964
reflections,3.9685655,-1.735501
reform,-1.1019721,-3.1318161
reformed,-2.547701,3.4472277
refuge,3.7374547,-1.2286987
refusal,2.524131,0.011938874
refuse,0.40591386,-2.5360038
refused,0.7551891,-2.4673798
refuses,2.010062,-0.745638
refusing,1.6159574,-1.0488902
reg,3.6782365,0.94754803
regain,2.7650888,0.5253932
regained,3.735539,-0.16953763
regard,2.4811795,-1.1434209
regarding,3.3328788,-1.0890257
regime,1.2172977,-2.6662846
register,-0.2974746,-1.7654986
registered,0.8953482,0.2981677
registration,-0.090445966,2.0804973
regret,2.2854664,0.4979907
regretted,-0.71786064,-1.5883254
regretting,0.76487666,-1.6707697
regular,-0.7068191,-0.3902489
regularly,0.60555816,-2.2329164
regulation,3.5225892,-2.184702
regulus,-0.78683245,-4.357465
regurgitating,3.6490836,1.6479588
rein,1.0411685,-1.5015986
reindeer,-2.2092865,1.1144061
reinstated,0.88177127,-1.1882663
rejoin,0.21943426,-2.6092436
rejoined,-4.367134,0.25563723
relashio,-2.571445,2.1021125
related,1.7580335,-0.9672601
relationship,2.2277231,2.7091053
relative,3.635599,1.8071636
relatives,0.8433935,-3.1728523
relax,0.35608584,-3.9782188
relaxed,2.0211785,0.47571963
relaxing,-0.4871114,-2.6251318
release,0.7675391,1.6041578
released,1.0879334,-0.016610378
releasing,-2.4719763,1.354418
relentless,0.5061775,-3.4014523
relentlessly,3.487932,0.28531337
reliable,2.063386,-1.4009662
relief,2.0922964,1.2311018
relieved,2.3425226,1.912693
relinquished,0.34293088,2.1193311
relish,-2.3033094,-0.708657
relive,-1.0115093,-0.9506449
reliving,-0.7448194,-1.8224134
reluctant,0.26009953,-1.3603258
reluctantly,-1.5614994,-3.0536315
rely,1.4218539,-2.2547643
remain,2.2420022,-0.87329227
remainder,3.5212233,-1.8360903
remained,0.33700052,1.0296856
remaining,0.09527803,0.43946874
remains,1.0886686,-0.04217781
remarkable,3.0624712,-1.4216875
remarkably,1.9665588,0.41322562
remarks,2.0861971,1.0341426
remedial,0.5489131,-1.4689449
remember,0.41705203,-0.4894711
remembered,1.1806486,0.6834388
remembering,1.6910968,1.143862
remembers,1.3280171,-0.84652615
remembrall,0.63293046,2.0683074
remind,3.224818,-2.1815207
reminded,0.58794165,-0.23590757
reminder,3.8394072,-0.8758229
reminding,-0.23650792,-1.3865863
reminds,-0.7482659,-2.9331543
reminiscently,-0.15682669,-1.3442687
remnants,3.773607,-1.3051932
remorse,2.7599952,-0.70318455
remote,1.5816615,0.32592312
remotely,-0.541419,0.18162689
removal,2.8378584,0.011815007
remove,0.04254037,-0.055140924
removed,0.09361044,0.4476085
remover,2.1969879,-0.6720124
removing,3.409778,-1.5038316
remus,0.41523996,-0.21149692
rendered,3.0310469,-1.6172409
renewed,-0.34931898,-0.71376926
rennervate,1.5058408,0.7784702
rent,-3.7828405,-0.15860753
repair,3.6816897,-0.92780656
repaired,1.0872269,1.0225887
reparo,1.6425192,2.2403882
repeat,2.510573,-0.6197916
repeated,0.9257585,-0.13649437
repeatedly,-1.0056419,2.4941921
repeating,0.8271798,0.3545167
repel,-0.5698008,0.78834164
replaced,3.7414906,-1.1612632
replacing,-0.7114089,-3.275046
replied,1.9477378,0.86647797
reply,0.52363974,0.4061484
report,1.7841959,-2.1737983
reported,2.381015,-2.5714054
reporter,2.104022,-2.4328852
reporting,1.8786347,-3.7019
reports,-1.3147608,-3.2785168
representatives,0.512487,-3.0002735
reproachful,1.9992987,1.229212
reproachfully,-1.4892818,-0.5455808
reproduced,4.3946815,-2.1710417
reprovingly,2.462198,1.9693825
repulsed,2.9756727,-0.7116286
reputation,0.79078335,-3.1110992
request,1.20454,-0.6107787
requested,-0.75608784,-1.8270521
require,3.0677788,-2.7628436
required,1.0376136,-2.095789
requirement,-1.4993641,0.1309092
requires,2.9333405,-0.2190121
reread,1.3508596,1.5007616
rereading,0.9559237,0.3346249
rescue,-0.29785293,-0.7087591
rescued,0.1704567,-3.088238
research,0.17998073,-1.3834045
resemblance,4.4451704,-0.52066
resembled,-1.301115,-1.2454274
resentful,-1.0014502,-1.2883791
resentfully,-2.8460948,-2.315772
resentment,2.0313973,1.7395031
reserve,-1.7329919,-1.4286308
reserved,2.4235976,-0.3147459
residence,2.0585227,-3.1057115
resign,3.5589173,-0.37209
resignation,2.2959836,-2.5820038
resigned,-1.2819661,-2.518045
resist,0.9615947,-1.6967912
resistance,1.2814838,-0.5664549
resisted,-2.0429156,4.1511173
resisting,0.03247904,-2.250878
resolutely,0.9491012,3.966088
resolution,1.4131947,2.3222227
resolved,-1.5291079,-1.7620026
resort,1.4698743,0.23185302
resounding,-1.4128059,1.5470409
respect,1.3570073,-1.3653063
respectable,1.4361609,-1.0352932
respond,-1.43901,-2.1074984
responded,0.080571465,0.98286474
response,2.1690178,-0.3904054
responsibility,1.178533,-0.8649857
responsible,1.5109799,-2.9296172
rest,-0.25672948,-0.5120773
rested,1.8172444,3.2906713
resting,-0.82107866,2.2684748
restless,-3.9489555,0.42421505
restlessly,-1.1631533,0.76054615
restore,-3.2347732,0.055786554
restored,3.9229739,-0.48042086
restrain,-2.1875546,0.4755427
restraining,1.3104968,-3.1480932
restraint,-3.3614771,0.3222759
restricted,3.3821402,-2.3702505
restriction,0.08719164,-1.3159741
result,3.9259892,-1.1192316
resulted,2.7626102,-1.4552697
results,-0.20562835,-0.87606
resume,2.0504277,-3.530632
resumed,0.00196078,0.12234215
resurrection,3.145244,-0.13852714
retching,-0.56152236,1.1722434
retired,-2.1669679,-1.2883431
retirement,0.10891445,-3.7194045
retort,1.1779395,0.5086606
retorted,0.9258758,0.15573761
retreat,2.0052238,0.87379205
retreated,-2.4188974,0.8585415
retreating,-0.650598,1.2348528
retrieval,4.2726083,-2.1441586
retrieve,-0.75959533,0.5305134
retrieved,-0.58193916,3.4839942
return,1.5632269,-0.6122467
returned,1.1625818,0.78174037
returning,-0.044265676,-0.749051
returns,1.3868848,4.3412795
reunited,-1.8007742,2.237876
reveal,-1.1747044,1.514395
revealed,-0.83150226,3.9626558
revealing,-1.3851788,1.5350211
reveals,2.1715875,-0.85275126
revenge,1.2303644,-0.049367342
reverberating,1.8305141,2.809206
reverie,-0.5845219,-1.3696152
reversal,3.8346825,-1.5880855
reverse,1.9798642,2.7723508
reversed,-2.1068056,0.69125277
review,-1.6574893,-0.87511975
revive,2.3455029,-0.15745074
revived,-0.37967116,-1.7996668
revolted,1.5075125,1.5257456
revolting,0.5922395,-3.6681626
revolved,0.14276536,3.1639864
revolving,-0.39336088,1.6422244
revulsion,1.7093928,3.3633692
reward,2.31252,-1.0173224
ribbon,-0.6835259,2.3564622
ribs,2.011878,0.14250231
rich,-0.69449496,3.9420893
rickety,-2.0951064,2.2998378
ricocheted,-2.4601924,2.1825423
rid,0.29900584,-1.3517996
ridden,-0.37986574,-1.3834532
riddikulus,-1.5049988,0.12248699
riddle,1.0836477,-0.055557575
riddles,0.923977,-1.2856096
ride,-2.7158213,1.5450325
ridgeback,-0.923597,-2.9746122
ridiculous,-0.08379433,-1.4075264
ridiculously,-4.006504,0.57758987
riding,-2.672146,1.5915312
righ,0.55471,-3.6653543
rightful,2.7851658,-0.49841323
righthand,-1.4648832,1.7139688
rightly,3.2115402,0.7462443
rights,0.45273665,-0.3613543
rigid,-0.34117106,2.591769
rigidly,1.894951,1.5016966
rim,0.26928443,3.439415
ring,1.2407677,2.4978015
ringing,3.0829468,0.49714786
rings,-0.30495334,1.9928063
riot,-0.9190976,-0.42928082
rip,-0.70139736,0.32016885
ripped,-1.492484,3.5240574
ripper,-1.5181228,0.93936044
ripping,0.35774082,1.5821784
ripple,-4.7952538,1.2228142
rippled,-1.9860084,2.1094968
ripples,-0.111534186,2.8436527
rippling,-0.92242295,3.3014963
rise,0.5259181,-0.6490547
risen,-0.0024227055,1.4504876
rising,1.461911,1.1922891
risk,0.526566,-0.89819205
risked,0.8289761,-1.8863251
risking,0.9757793,-1.9639882
risks,1.5484911,-2.0285182
risky,0.97767264,-1.9691813
rita,1.7572057,-0.6032128
rival,1.8878729,-1.0694687
river,-3.9477735,-0.04934821
road,-1.6748233,0.5759185
roar,-1.602331,0.9049514
roared,-1.8061349,-0.29315904
roaring,-2.5707743,0.17844269
roars,-2.8107796,-0.07583482
roast,-1.6657103,1.0219575
rob,0.011219761,3.3795354
robe,-0.72765785,1.730748
roberts,-2.2378855,0.068238564
robes,-0.64544404,2.130899
rock,-0.04852068,3.213358
rocked,1.0792468,1.8071747
rockets,-1.2473586,2.7805393
rocking,1.8239942,-1.9471849
rocks,-1.9057219,1.6182517
rocky,1.3723521,3.4591541
rodolphus,0.5462965,0.5218968
roger,-1.009778,-0.8350933
rogue,-1.8849292,-0.40257016
role,1.4494371,-1.7558182
roll,-0.31505182,1.5464283
rolled,-0.39264563,2.371983
rolledup,0.7739239,4.3288074
rolling,-0.41566244,1.3910967
rolls,-0.24294272,2.6630287
romania,-0.01650476,-1.615916
romilda,-4.946187,0.69771594
romulus,0.20934962,-0.72716504
ron,-0.2536027,0.036345072
ronald,0.7450019,-1.2162945
ronan,1.1957297,-2.3767169
roof,-3.1974561,-1.367307
rookwood,1.5937054,-0.1547985
room,-1.0572972,0.7504613
rooms,-2.146556,-0.04226934
rooster,-3.5060904,2.9731555
root,3.5372941,-0.37715098
rooted,-1.0219545,1.5244291
roots,-3.475297,1.5260507
rope,-2.847509,2.0069938
ropes,-0.6323201,0.49545214
rose,-0.75401264,1.9271549
roses,-0.89895296,1.6773071
rosette,-0.9747961,3.1183834
rosettes,-0.25634697,3.4667168
rosier,1.997645,-0.46939537
rosmerta,2.776656,1.2723529
rosy,-0.5832799,3.0366025
rot,0.5312672,-0.92163515
rotten,-1.0758731,-0.81118673
rotting,-2.3516803,3.1537383
rough,-1.3977946,0.83492726
roughly,-2.6619546,1.0073673
round,-0.20336759,0.42963699
rounded,-0.65225977,-3.0032756
rounding,-1.8712552,-0.96261364
rouse,1.8679624,-0.58423096
roused,3.6959808,-1.2311895
route,1.0542104,1.5869005
roved,0.48295867,1.9841212
row,-1.4928002,0.293011
rowena,-2.547287,1.4689677
rowle,1.2561295,-3.8898623
rowling,-2.4917612,-4.3083773
rows,-2.4723382,3.507364
royal,1.6676443,-0.6707756
rub,-0.698067,-1.2618413
rubbed,-2.9475365,-2.278231
rubber,-3.272554,1.8549476
rubbing,-0.5385473,1.0490366
rubbish,-0.43559712,-0.4472427
rubble,-3.5916407,-0.16915329
rubeus,-1.2594261,-1.0894557
rubies,0.43306726,3.672724
rucksack,-1.1679347,1.6802304
ruddy,-2.0312722,-0.39812055
rude,3.4166095,-2.099391
rudeness,3.73776,-0.43664655
ruefully,0.81821483,0.9875849
ruff,-1.6817662,3.9192557
ruffled,-2.6009824,-1.8035573
rufus,1.2714387,-0.05316619
rug,-2.7324927,1.7513574
ruin,-2.9661272,-1.2891583
ruined,1.4643449,-1.0229868
ruining,2.8058932,-0.9852864
rule,-4.5827065,0.8035281
rules,0.28258583,-0.98499495
rumble,-2.872262,-0.11019042
rumbled,-4.128862,1.6579213
rumbling,-1.395158,0.48201975
rummaged,-0.5509798,-0.12669587
rummaging,2.2332125,1.7849239
rumor,2.3048851,-0.4104692
rumors,0.69573736,-0.78855324
run,-0.43108556,-0.06392226
runcorn,0.48814484,0.22326167
rune,-3.7333338,-1.4091933
runes,-4.447742,0.40388563
running,-1.7684451,0.58457726
runs,1.0246731,-1.0853996
rush,0.2507134,0.7741105
rushed,-1.0729185,0.64488524
rushing,-3.2802198,3.424409
rustle,-2.9597092,1.8046684
rustled,-2.7577124,3.2245042
rustling,-2.8465388,2.7100751
rusty,-2.0310652,1.1020442
sack,-0.81121963,-1.2979996
sacked,0.4752607,-2.2149115
sacking,-0.6039219,-2.0752258
sacks,3.0797973,-2.046335
sacrifice,1.5270408,-1.8262982
sad,0.21453859,-0.9088011
sadly,1.0811154,-4.071793
sadness,-3.2700696,-1.8872613
safe,0.2871162,-0.81289023
safely,-4.1744123,0.3858974
safer,0.9108584,-1.5180528
safest,-3.4579864,-2.5812707
safety,0.6162986,-0.8498547
sagged,1.0591115,2.8968208
sagging,0.20516959,2.0473688
sailed,-2.2321792,2.2717617
sake,-1.1089975,-3.6118598
salamander,0.73875874,1.3414958
salazar,1.0324275,1.1708564
sale,1.3389038,-1.7892873
sallow,-1.2925396,2.665299
sallowfaced,0.5470786,4.702499
salmon,-1.9753926,-1.9310133
salt,-4.1396995,0.78559065
salute,-3.552109,-1.1996272
same,0.14510469,0.044444274
sample,2.3046873,3.5988588
sandwich,0.73412055,-4.002926
sandwiches,-1.977298,-0.75969845
sang,-1.5556115,-0.7503822
sanguini,1.2279779,-0.76821256
sanity,0.047377896,-2.179579
sank,0.3431127,2.1838295
sarcasm,3.4803233,-1.341459
sarcastically,-0.5076883,-3.64442
sat,-0.67363334,0.98292327
satin,-1.3637477,3.8887005
satisfaction,1.4151881,0.44495022
satisfactory,0.22629845,-2.666537
satisfied,1.0405091,1.4708413
satisfying,0.559744,-1.5932702
saturday,-0.9321214,-1.1389924
saturn,0.81316686,-0.0843009
sausage,-0.5616324,2.385796
sausages,3.0157654,3.431462
savage,2.4715579,0.025867054
savagely,0.20652275,-0.45006523
save,0.97353256,-0.36001468
saved,0.03190344,-1.5453752
saves,2.5325983,1.376178
saving,-0.67876774,-1.7366235
savoring,1.1902059,0.31692874
say,0.38844296,-0.36357838
sayin,0.2308774,-3.0361192
saying,0.21812545,-0.29871467
says,0.8450005,-0.97821385
scabbed,0.42166454,2.3988528
scabbers,-2.3080564,3.2076283
scabior,0.42853454,1.146761
scales,0.11148703,0.9949245
scalp,-0.16886747,3.038853
scaly,-0.9919862,1.4121577
scampered,-2.7599242,1.9508215
scandalized,2.0095797,1.5602667
scanned,-1.6894292,-0.29485905
scanning,1.4960859,3.701926
scar,0.50477993,0.80979776
scarcely,-1.6289763,-2.6127508
scare,0.6387968,-1.62408
scared,0.41827208,-0.94681
scarf,-1.4392759,1.9007511
scarlet,-0.10201082,1.5071353
scarred,-2.7252614,2.4634573
scars,0.80879515,0.46149957
scarves,-1.7456515,0.80448043
scary,-4.0162506,-2.3592112
scathing,1.634493,0.5746304
scathingly,0.4915894,-1.1870569
scattered,-0.7466384,0.9680057
scattering,-2.1581066,1.7500448
scene,-0.69737643,0.4201093
scenes,1.9247406,1.4269979
schedule,-0.45127577,-1.0465511
scheduled,1.238329,-2.4480596
schedules,2.0871558,-3.4013345
schemes,2.494278,-1.5140427
scholastic,-2.3976328,-4.2349315
school,0.26189783,-1.014153
schoolbag,-1.0884736,0.9970101
schools,2.2320366,-2.4063127
scoop,0.6208364,1.1988044
scooped,1.2066177,2.0629632
scooping,-2.050787,2.6407428
score,-2.1296248,-3.668913
scored,-2.7782912,-1.0308627
scores,-2.8442848,-1.0461968
scoring,4.1455193,0.24281606
scornfully,0.041014977,-3.3545823
scowl,0.16655146,-3.289286
scowled,-0.44768235,0.1835112
scowling,-0.2173243,0.12346368
scrabbling,-1.812725,2.4557915
scramble,-3.848426,0.6108627
scrambled,-0.7674702,1.4416935
scrambling,-2.292326,0.43775362
scrape,-1.8125415,-0.43634817
scraped,-1.2669615,0.3006551
scraping,-1.7688502,0.68340147
scratch,1.2529042,1.7025254
scratched,-0.23191945,1.5990096
scratches,-0.53867656,1.8284576
scratching,-0.5171355,0.74330163
scrawled,-0.24617334,3.0268927
scrawny,1.1351178,2.6945777
scream,-0.3276858,0.63067454
screamed,-1.1521097,0.37971887
screaming,2.1802156,3.300665
screams,-3.2298515,0.13395067
screech,-2.0146992,1.7913202
screeched,-0.6166434,-0.77591896
screeches,-0.7601187,-0.64400977
screeching,-2.8105996,0.29866916
screen,-2.0981407,0.12984802
screwed,0.79617393,2.2834315
screwing,-1.3114115,-0.8100569
scribble,-3.0996501,0.6566971
scribbled,0.06351198,0.15479583
scribbling,-0.03877554,1.7295963
scrimgeour,1.1811655,-0.053919658
scroll,-0.3080349,2.3889241
scrolls,-0.32827693,1.507259
scrubbed,-2.1818957,1.9736668
scrubby,-0.5039499,2.8278906
scruff,-0.6012317,1.8334821
scrutinizing,1.1941597,1.9986329
scuffling,-2.6972735,0.18374674
scum,3.9587007,-0.88757217
scurried,-1.6550918,0.558432
scurrying,-2.3079085,2.864215
scuttled,-1.8274125,1.5522699
scuttling,-2.927554,2.6531749
sea,-1.5038376,3.237472
seal,-0.78263986,-3.7415893
sealed,-0.1777936,0.37161648
sealing,-0.5841042,1.4464726
seamus,-0.85191005,-0.15034565
search,3.2815497,-1.3312134
searched,0.49638963,-0.2709731
searching,-0.53374153,0.62029487
seared,0.55973804,2.7031202
searing,0.03856451,1.6280285
season,-1.2777125,-1.6013564
seat,-1.1566609,1.1559012
seated,-1.6234739,0.073094524
seating,-3.8476784,-1.7227111
seats,-1.1531987,0.787428
second,-0.18850854,0.4690667
secondhand,-1.6832913,-3.211196
seconds,-1.0207428,0.600108
secrecy,1.0518275,-1.021166
secret,1.3851886,-1.1485246
secretary,1.389871,-3.682567
secretkeeper,1.0913043,-0.42632115
secretly,-0.063859165,-1.5834966
secrets,2.2829766,-1.7147168
section,-1.1473423,-2.2657983
sectumsempra,1.784691,0.8185581
secure,0.498966,-1.4602431
securely,-4.257507,0.51470536
security,-3.1584504,-1.8784503
seeing,0.75472903,-1.0550116
seek,0.7334235,-0.20855534
seeker,-1.3004698,-1.0941385
seekers,-1.7265263,-1.6398206
seeking,1.7842836,-0.10215416
seem,0.63673097,-0.35954347
seemed,0.19022192,0.37031028
seemingly,3.1299646,-0.8307841
seems,0.60685045,-0.42693022
seer,1.0623388,-0.6294879
sees,-0.16720851,-0.65486
seething,0.17295156,1.2690109
seize,0.27576894,1.2581916
seized,-0.80513984,1.3726814
seizing,-0.74005044,0.574514
select,2.1120107,-2.4383757
selected,2.812361,-3.0082362
selection,-2.4360983,-0.63156265
self,0.6288348,3.6853323
selfsatisfied,-2.9394095,1.5070039
sell,-0.6378666,-2.1935465
selling,-2.125357,3.4663014
selwyn,1.8432975,-3.7033348
semidarkness,0.19575715,-4.2485156
send,0.027253468,-1.0371103
sending,-1.5018603,-0.3740657
senior,1.7343974,-1.4285285
sensation,2.2629359,3.8935852
sense,1.0464114,0.16595285
sensed,0.31352204,-0.02651007
senses,1.5286522,0.8456833
sensible,4.150918,0.4110657
sensor,2.6245587,0.35236242
sent,-0.20555803,-0.5805652
sentence,0.4478367,-0.11474681
sentenced,-1.1302222,-1.5285519
sentences,1.6701574,-1.206629
separate,1.4466987,-2.9917574
separated,0.9000339,0.9511779
separately,1.9176333,-0.34454563
september,0.36411762,-2.1915116
serenely,-2.212491,-0.8250919
series,-1.8889371,0.5439119
serious,0.589559,-0.7730094
seriously,-0.7348838,-1.4828115
serpent,0.077016555,3.1658492
serpents,4.3729696,-0.41404566
servant,1.7883437,-0.3728347
servants,1.8789898,-0.5387555
serve,0.59827596,-1.7467562
served,0.69339985,-2.3016152
service,0.6590371,-1.1655458
services,0.032852683,-1.7166395
servicing,3.8700657,2.2339497
serving,3.0340197,0.63239837
session,-4.392646,-0.9162378
sessions,2.2373457,-2.5544367
set,-0.9252811,0.8034213
sets,-2.5929015,0.07210279
setting,-0.20291203,-1.4832039
settle,1.0095639,-0.28440243
settled,0.088602684,1.6235539
settling,1.3127043,-3.8137138
seven,-1.3375899,-0.6896076
seventeen,3.0587833,-2.4219453
seventeenth,-1.7121919,-2.0179486
seventh,-0.6921187,-1.0691931
seventhfloor,-2.1743197,0.9870369
seventy,-2.0471787,-1.1592671
several,-0.67219925,0.12348643
severe,1.9377034,3.506221
severed,1.316055,1.6264288
severely,-2.676436,-1.5862393
severus,1.5502523,-0.16697566
shabby,-1.148737,-1.5801209
shack,1.288949,-0.23028944
shacklebolt,1.0815479,0.111234255
shade,-0.44702035,3.0387115
shadow,0.11370134,0.83985263
shadowed,1.483951,2.4755833
shadows,-2.3254657,2.9435835
shadowy,-1.2543594,0.9282409
shafts,-1.1030692,3.133942
shaggy,-1.8809012,2.3841836
shake,-0.02348255,1.0008178
shaken,-0.046040107,0.070019536
shakily,-0.26402324,-0.13542125
shaking,-0.1684465,1.0773697
shaky,3.0919747,3.2753842
shallow,-0.12039093,1.0223706
shame,0.5915719,-0.47952837
shamrock,-2.7121053,2.6448908
shape,0.5205647,0.45654923
shaped,-0.28464645,2.0133774
shapeless,-0.93924797,3.6105037
shapes,-1.832034,2.800994
shards,-1.5399193,2.1365943
share,0.44118002,-0.8389826
shared,-2.7667892,-0.37912795
sharing,1.3564144,-0.789563
sharp,-0.14747477,1.6658682
sharply,0.07394478,0.011363422
shatter,0.739482,1.6987703
shattered,-0.43073937,1.2081217
shattering,-1.9036988,2.663369
shawl,-0.039557897,2.4509885
shawls,-3.072583,1.8463151
sheaf,-2.6805515,0.70989335
shed,0.15224724,-2.0353894
sheepish,0.5914959,1.3641753
sheer,2.7478454,3.6111693
sheet,-0.51248085,3.5662677
sheets,-2.1722474,-1.9797817
shelf,-2.3892133,3.0975008
shell,0.054667242,-0.8972528
shelter,-2.5375118,0.9068356
sheltered,-4.5539737,0.9707999
shelves,-2.928743,2.3698575
sherry,-3.4464443,3.0590606
shh,0.05843317,0.05854628
shield,-4.265126,-0.26824355
shielding,-3.1004422,0.9617254
shift,3.0296488,-2.819885
shifted,0.6165373,2.176668
shifting,-0.60802716,1.1868197
shifty,3.7031732,-1.2158701
shimmering,-1.191734,2.4523551
shine,1.5559964,0.02706003
shining,-0.32183564,3.7266
shins,-3.362764,0.7603034
shiny,-1.9193134,-0.26553681
ship,-2.2396,-2.8605847
shirt,-0.3895714,-3.717447
shiver,-2.744641,3.298153
shivered,2.795187,2.2239006
shivering,-1.2216823,4.098325
shock,0.29273248,0.82286924
shocked,0.7358811,0.37965006
shocking,1.8538659,-1.583512
shockingly,-3.729118,-2.4918
shoes,-4.1220446,0.16291775
shone,-1.0529494,2.729037
shook,0.040501084,0.94493395
shoot,-4.2086544,-1.5402874
shooting,-2.6592383,0.7367037
shop,-0.50910926,0.014127667
shoppers,-2.7157521,1.3064247
shopping,1.4391444,-2.8480544
shops,1.2548366,-2.3423
short,-0.37561053,1.8113819
shortcut,-2.6709168,0.86373794
shortcuts,-4.109215,1.0543298
shorter,-0.054884266,1.1262119
shortly,0.2432041,-0.36914566
shot,0.1289293,2.9984326
shoulder,-0.34168085,0.97451717
shouldered,-2.7247648,0.709171
shoulders,-2.9751954,1.5266384
shouldntve,1.2544948,1.1261675
shouldve,-1.6885793,-0.18329005
shout,-2.2883196,0.2820381
shouted,-0.44420704,0.24663025
shouting,-0.99768525,0.21413718
shouts,-2.2855499,0.8695771
shove,0.4255198,1.525533
shoved,-0.8544699,1.5705144
shoveling,-2.0575898,-0.5027894
shoving,-3.3276389,1.1833448
show,0.33099803,-0.53133464
showed,-0.27164453,-0.33016
shower,-1.1757505,2.8578615
showering,0.7496983,2.5222986
showing,-2.516272,-0.28429908
shown,0.5495669,0.106258996
shows,1.359065,-0.09850403
shrank,0.9363122,3.4350903
shred,1.8533642,-1.6390426
shredded,-1.3882668,-2.502298
shrewd,1.1511971,0.8601448
shrewdly,-0.49956012,-2.9989786
shriek,-2.2528746,0.9545124
shrieked,-1.4097565,-0.04444526
shrieking,-0.47006127,0.14327452
shrieks,-1.700331,2.02188
shrill,2.4573035,-3.5035307
shrilly,-3.7717562,0.35475275
shrink,3.5351803,-2.5991623
shrinking,1.7238456,0.35239398
shriveled,1.6991299,0.22392778
shrivelfig,0.1104861,-1.8477291
shrug,-0.21531948,-3.8886695
shrugged,-0.42858458,-0.1951362
shrugging,-0.54778916,-2.8137248
shrunken,-0.7242971,2.3319185
shudder,0.3774703,0.57212687
shuddered,2.0766566,-0.6496964
shuddering,-1.3990793,4.4070034
shuffled,-4.185823,0.27655214
shuffling,-0.899271,1.4121902
shunpike,-1.1323719,-0.02764698
shunted,-2.606485,-0.11350875
shut,-0.85757613,0.4473635
shutting,-0.3067643,1.9656563
sick,0.5502615,1.0249411
sickened,-1.4312869,-2.005338
sickening,0.20601588,3.1257124
sickles,-0.51547116,-1.7471459
sickly,-1.3885244,4.318483
side,-0.80508083,1.073793
sideboard,-1.6619076,1.3380831
sidecar,0.4488393,2.8350756
sides,-1.6620772,1.5356462
sideways,-0.42615938,1.1754248
sidled,-2.7505302,2.3565552
sigh,0.51999086,1.5395329
sighed,0.31704074,-1.9650768
sight,-0.65168846,0.8198075
sighted,0.9731963,2.904526
sightings,1.6487631,-1.4774201
sign,-0.15857778,0.06540829
signal,-0.097001866,-0.58808255
signature,1.1347742,0.8826765
signed,0.775467,-0.9926647
significant,2.5931017,1.7754377
signing,3.8182547,2.2113903
signs,0.9136741,-0.17496434
silence,-0.4899875,0.56849945
silenced,-3.7172437,-2.8343897
silencing,0.038960207,-2.9558177
silencio,1.3473731,2.75984
silent,-0.6398785,1.0396496
silently,0.37572628,1.1410859
silhouette,-0.18612683,-1.251413
silhouetted,-2.6910748,1.0332873
silk,-0.8671309,2.3319812
silkily,3.8562665,0.21052647
silly,-2.4098904,-1.5333167
silver,-0.6288137,2.9161386
silvery,-0.4766057,3.281294
silverywhite,-3.3323958,-2.0799985
similar,2.0507815,0.6441876
simmering,-0.30958512,2.4867425
simpered,0.8421826,0.08422768
simpering,1.7291143,4.164426
simple,2.1622891,-2.6586058
simply,0.855217,-0.06257461
simultaneously,0.23434664,4.3426695
since,0.3258487,-0.73115987
sincerely,0.25649577,-1.8026513
sing,-1.0866001,-1.7560564
singed,-0.30303085,1.6336371
singing,-1.0683678,0.35678932
single,-0.27950162,0.35330924
singled,1.1175474,-1.2622294
singlehanded,4.0058427,0.7038102
sinister,1.2094264,0.59473825
sinistra,-2.6704655,0.86217713
sink,-1.917952,2.4840918
sinking,-1.2587578,1.0941375
sip,1.0169618,1.0086396
sir,0.9746846,-0.29826418
sirius,0.27152082,-0.14091691
sister,-0.24871762,-0.13079725
sisters,-2.108501,-2.4459038
sit,0.15620843,0.005746123
sittin,-0.15267354,-2.7926757
sitting,-0.9249626,0.85134196
situated,-2.5571792,0.43415922
situation,0.9859948,-1.0166578
situations,1.5168766,-1.7340336
six,-1.7895168,-0.28479204
sixteen,-0.6459629,-1.0716474
sixteenth,-0.8199875,-1.7846435
sixth,-0.9278053,-1.3139862
sixthyear,-0.14094667,1.1991918
sixty,-2.1277735,-0.6581242
size,-3.1319993,2.2781377
sizes,2.8869426,-2.0050628
sizzling,-0.016997714,1.3030055
skeeter,1.6913401,-0.57498693
skelegro,-2.0591686,-1.7640135
skeletal,-3.523137,1.6861969
skeletons,1.1837065,-1.5978457
skeptical,-2.6152089,-1.3875251
skeptically,-1.8157965,-3.074428
skidded,-1.4118873,1.217449
skidding,-1.8243017,0.9496266
skies,-2.4771862,3.47286
skill,1.6451888,0.4095101
skilled,1.8050301,-0.97378
skills,-0.9353944,-1.169207
skimmed,-0.85358334,-2.0349295
skin,-0.82442576,3.1977456
skinned,2.7256196,1.1684474
skinny,-0.9759959,1.5375448
skins,-0.47427812,1.1695261
skip,-1.2813584,-2.2016199
skipped,-1.5930722,0.14055921
skipping,-4.0737348,2.6069865
skirt,-0.3943723,-2.4204786
skirting,-1.5119543,0.7436874
skiving,-0.11842631,-3.2153661
skrewt,0.24376978,-0.5063919
skrewts,-0.033004194,-0.022045545
skulking,0.31323364,3.637966
skull,-0.568306,2.7680366
skulls,-3.880109,2.447537
sky,-2.0448146,1.6908948
skyward,-0.87056756,2.508303
slack,2.3073847,1.5471648
slam,-0.36486143,1.1611841
slammed,-1.6797965,1.1844205
slamming,-1.3992003,0.8797991
slanting,-2.4640446,3.01625
slapped,-0.99442637,-1.3491212
slapping,-3.4529784,1.6550915
slashed,1.9164716,2.6419601
slashing,-3.1110814,0.54186547
slaughter,-1.1101502,3.6856759
slaughtered,1.3033594,-2.681518
slave,-0.93459976,4.148059
sleek,-1.0192548,2.9267356
sleep,-0.09076885,-0.88770825
sleepily,-0.9426002,-1.7702527
sleeping,-3.323851,-0.16129455
sleeps,-2.0441082,1.1571689
sleepy,-2.633945,-1.6815349
sleet,-2.0664783,0.5861708
sleeve,0.85150445,1.765144
sleeves,0.032939702,0.9338105
slept,-4.0441537,-0.800976
slice,-2.2647626,-0.7630914
sliced,-2.0978565,-2.1296656
slid,-1.1995639,1.7975838
slide,-2.0992503,3.6055882
sliding,-1.6890377,1.7126706
slight,0.78687716,0.88386434
slightest,-0.66643316,-1.7041051
slightly,0.12358429,0.9883347
slime,3.150715,-0.5165802
slimy,-0.010825467,1.5216874
slinkhard,0.8076879,-3.8025868
slip,0.07408677,-0.123768754
slipped,-0.90682304,1.6799812
slippers,1.2647171,2.623317
slippery,-0.28982478,1.6124065
slipping,0.45565027,3.6779506
slit,1.8099179,1.7032026
slithered,-1.7796608,1.91369
slithering,0.9098807,2.449292
slits,-0.05310477,1.631242
sliver,0.49241447,2.7561889
slope,-1.9733849,0.96161693
sloped,-1.5930601,0.8698868
sloper,-2.069396,-1.2454696
sloping,-1.4421594,0.8248485
slopped,2.2831926,1.7177246
slopping,2.5380235,2.7864385
slouched,-3.415252,-1.3836889
slow,0.03069853,0.3443323
slowed,-1.6095426,1.8610647
slower,-0.92419404,-1.9123349
slowing,-1.2340881,0.8061926
slowly,-0.5064261,1.1384102
slug,2.143279,2.3860085
slughorn,-0.07825533,-0.46337736
slugs,4.0399523,1.30318
slumped,-0.9635787,1.7761936
slumping,-1.8151059,1.6969796
slunk,-0.5122596,-2.633404
slyly,-0.40663323,-3.5126944
slytherin,-1.857166,-0.78741693
slytherins,-0.97240204,-0.78163284
smacking,-0.8982489,-0.7253703
small,-0.5138071,1.7286522
smaller,-4.060898,0.78449893
smallest,1.416401,-3.6045218
smart,-0.9796883,3.097657
smartly,1.2492214,3.5318494
smash,2.3255327,4.005293
smashed,-3.3176873,2.7167337
smashing,1.8304318,-0.16677523
smell,-2.289,2.7252207
smelled,-3.1104422,3.361362
smells,-3.1257749,1.891601
smelly,1.7907145,4.035523
smelting,-2.122981,4.1571937
smeltings,-1.036593,-0.7418908
smile,0.8130978,1.3224363
smiled,0.3945734,0.44823226
smiles,-1.5065368,-0.44166467
smiling,0.8855044,0.576087
smirk,3.4163902,-2.9083493
smirked,-0.3163034,0.40761253
smirking,-0.3991217,-3.2265646
smith,0.7154191,-0.4258803
smoke,0.016160622,3.0036871
smoking,-0.34092,2.0715322
smoky,-3.1698773,-1.5717379
smoldering,2.9298909,3.1296139
smooth,-1.2326567,0.91291445
smoothed,-2.1660776,-1.3656675
smoothing,-0.8385378,4.1660547
smoothly,3.7608826,0.27123067
smug,1.5037596,2.5444982
smuggle,0.15519358,-0.86862767
smuggling,-2.1744742,-0.18552198
smugly,1.0715499,-3.478089
smugness,1.6425289,-3.0262868
snackboxes,-0.018346403,-3.0428834
snake,0.84869534,2.0502703
snakelike,-0.046566296,2.1444778
snakes,1.006177,1.7434071
snap,-1.1261071,0.5572519
snape,0.28449693,0.0806907
snapped,-0.2823769,-0.046508268
snapping,0.6985526,-4.1648717
snare,1.1032187,-4.752252
snargaluff,3.382817,1.4566596
snarl,-1.4296004,2.2467895
snarled,0.05243674,-0.029297363
snarling,-4.3638787,-1.384482
snatch,0.07823033,1.5884362
snatched,0.76081353,1.9544191
snatchers,-0.41601866,-2.4597406
snatches,1.0228572,-2.3058062
snatching,-0.5327706,1.3089763
sneak,-0.76157725,-0.8319745
sneaked,-0.5503692,-0.99829024
sneaking,0.03047317,-0.8014238
sneakoscope,-0.9407683,-2.0182087
sneakoscopes,1.1200154,4.4194455
sneer,1.2119613,1.4404702
sneered,1.391771,-0.1698802
sneering,-4.216357,-0.9355854
snide,3.913757,-0.22103564
sniff,2.2726705,1.4944801
sniffed,-1.06643,-0.021900453
sniffing,0.93127626,0.95733196
snigger,0.87831503,-1.5421373
sniggered,-0.7878081,-0.19760112
sniggering,-2.1664343,0.051739734
snitch,-0.07892674,1.1614623
snivellus,2.849092,0.4246676
snogging,0.4752333,-1.8022937
snoozing,-3.4150593,2.660348
snore,-1.6039488,-0.66475135
snored,-3.4957519,0.8979763
snores,-2.63126,1.6461263
snoring,1.5186585,-3.6722112
snorkack,4.226173,0.54793924
snorkacks,1.118716,-2.9071472
snort,-2.7224731,0.665718
snorted,-3.5713706,3.4821854
snout,0.62788874,1.3189572
snoutlike,-1.8890755,4.0424953
snow,-2.6606865,3.1579416
snowball,-1.8972855,1.9036136
snowy,-2.1865394,0.6790865
snuffles,-1.1286974,-3.9472086
soaked,1.6138867,1.2318511
soaking,-0.09474183,2.8308685
soap,-1.0862694,2.2471566
soar,-1.8086461,2.219922
soared,-1.4161619,2.1618936
soaring,-1.1432815,1.7922686
sob,-0.7785884,0.98918056
sobbed,-0.31539738,0.07606349
sobbing,-0.35087472,0.74658686
sobs,0.4697349,2.1175714
socalled,2.2251546,-2.1416576
soccer,-1.0121769,-3.769544
societies,-0.26237372,-0.2801785
society,-2.4981108,-2.4233701
sock,1.6330774,0.72154
socket,0.098480135,2.2155566
sockets,0.85759413,2.6829097
socks,-1.181698,2.901167
sodden,-0.65968066,3.9209673
sofa,-3.6882064,2.3233607
soft,0.20000365,0.835789
soften,2.4176383,2.3963642
softer,2.2623048,0.5349562
softly,1.0315585,0.27656853
soggy,-1.7310185,3.555812
sold,-1.7827326,-0.04348645
sole,-2.2282233,0.5022209
solemnly,0.9566162,0.5994224
solid,-1.9042747,2.0746691
solitary,2.7026415,1.3681108
solitude,-0.02626475,-1.0123549
solution,1.1375576,-1.3591827
solve,0.6274462,-1.404059
solved,3.0799253,1.5094594
somber,0.9423615,3.3837583
somebody,0.9045924,0.66956
somehow,0.85698706,-0.15000013
someone,-0.019330962,-0.23034434
somersault,1.268506,2.0020998
somethin,0.3727516,-1.5134411
sometime,-0.73908156,-0.35331252
sometimes,0.12826018,-2.9264224
somewhat,-1.1041113,0.5591579
somewhere,-0.065747105,0.6529601
son,0.8085302,-0.30801475
song,-1.2884182,-1.9412433
sons,-3.3304894,1.5303613
soon,-0.5804631,-0.27327693
sooner,3.7362506,0.8983076
soot,-1.5996896,-0.70325476
soothing,-2.0913084,1.4337392
soothingly,-4.0536895,-0.18026903
sopping,0.023806415,2.6412973
sorcerer,1.0657144,-2.7654555
sorcery,1.5820183,-0.95535856
sore,1.9104459,0.737764
sorry,0.10666129,-0.17770556
sort,0.21625859,-0.8911994
sorta,0.26223162,-2.8450894
sorted,-0.9428418,-0.29691136
sorting,2.043085,1.6182115
sorts,1.7608314,-2.077342
sought,2.1129363,0.25244254
soul,2.6898096,-1.1974471
souls,-0.91341716,-0.2589804
sound,-0.6751339,0.42955604
sounded,-0.28353277,0.2073855
sounding,-1.1555479,-3.1124876
soundlessly,-1.2296555,4.267453
sounds,-1.1494976,-1.2952753
soup,-1.828497,-1.9826292
sour,1.391386,2.912461
source,-0.69044703,1.0693363
sources,-3.488198,-1.980615
south,-2.150212,-1.3258117
space,-2.2551405,1.6297133
spades,-3.7574081,1.3776093
spangled,-0.84662205,3.2306802
spare,-4.48943,1.5116497
spared,2.7684546,-2.1765723
sparkled,-0.27884275,3.7685082
sparkling,-1.3561958,3.4083307
sparks,-1.0943435,3.410276
spat,2.5381641,0.3514627
spattered,-2.0161998,2.4986596
spattergroit,-0.11655631,-0.78493005
spawn,-2.2995179,-3.499718
speak,0.55203843,-0.14541447
speaker,1.7192684,3.4135704
speaking,0.5742774,0.3660863
speaks,2.041457,0.048312068
special,1.1426724,-1.0880002
speck,-2.0791655,3.1804507
spectacles,1.2350408,1.9542661
spectacular,-0.4716885,-0.10155322
spectacularly,-0.585672,2.3055236
spectators,0.53828824,2.7989779
speculation,2.9760497,0.87584555
sped,-2.1528113,1.6056594
speech,0.517437,-0.2235684
speechless,2.576435,-3.458925
speed,-2.9555879,0.849176
speeding,-2.109895,1.6204628
spell,0.5257447,-0.8586664
spellbooks,-0.53409266,-1.0959761
spellman,3.8268678,-1.3073775
spellotape,3.0143912,-2.215716
spells,-0.27086315,-1.8999064
spellwork,0.84436864,-2.2312117
spend,-0.08159587,-0.9163375
spending,-0.48077863,-1.5887717
spent,-1.0025054,-1.6408517
spew,-0.0140698925,-1.3190217
sphere,-1.3399061,2.5929694
spheres,-0.8374461,2.6156628
sphinx,3.1215222,0.6763342
spider,-0.70569634,1.399851
spiders,-2.5722694,2.295834
spiked,-1.0391908,2.1633906
spiky,-0.3622427,3.1125715
spill,0.03893564,-1.3640845
spilled,-0.4745094,2.055751
spilling,0.0027178708,2.0213084
spin,-1.2225237,1.4660518
spindlelegged,-2.2322285,-0.47131956
spindly,-0.77199435,2.6217666
spine,-0.04004419,1.0499327
spines,-4.3547645,0.68112063
spinner,0.69987273,-3.0511055
spinnet,-2.752251,-0.8468398
spinning,-0.62267715,2.0225756
spiral,-1.8004895,1.0644444
spiraled,-0.9341907,2.109524
spiraling,-0.92415965,2.4040122
spirit,3.0045557,1.0162053
spirits,-2.5719864,0.530443
spit,-2.276893,-1.8151025
spite,2.2248006,-3.9554815
spitting,0.9782938,3.705583
splash,-1.009625,1.2683179
splashed,2.0895386,2.8455572
splashing,1.6491759,0.69428474
splattered,-0.91046435,4.68532
splattering,-1.601089,3.0492864
splendid,0.47546062,2.2845726
splintered,-0.7332705,2.10823
split,0.1894162,1.1680199
splitting,0.55496645,1.1453364
spluttered,1.7988316,3.3628185
spluttering,-1.0092723,1.1933572
spoil,-0.42055568,-2.3143547
spoke,0.36638016,0.43933997
spoken,1.875286,0.6904914
spoon,1.4914215,3.4705484
sport,-0.86092496,-0.7807651
sporting,-0.88769495,2.629971
sports,-1.3185068,-2.3939812
spose,-3.0133193,-0.071582094
spot,-0.28373677,0.65282923
spots,0.92793554,0.33069962
spotted,-0.8338406,0.27671793
spotting,0.376688,2.0142837
sprang,-2.6134083,3.007491
sprawled,-0.8482008,1.5243548
spray,0.05650741,3.6277556
spraying,-1.5399783,0.10769142
spread,-0.27704886,2.9563725
spreadeagled,-2.388356,-0.71677864
spreading,-1.8880833,2.3897862
spring,1.9224093,-3.028589
springing,0.91499764,0.7569892
sprint,-3.4432006,0.9776613
sprinted,-2.3771198,1.0278881
sprinting,-1.6569394,0.58958393
sprout,-0.29553702,-0.015787145
sprouted,-1.4498543,-3.687011
sprouting,-0.9738202,1.4607428
sprouts,-2.2411196,-3.4837046
sprung,-0.14654234,2.6388946
spun,-0.39749372,1.088258
spurt,-0.6499757,3.302312
sputtered,3.3560898,-2.0013523
spy,0.95517296,-1.14803
spying,1.9671787,1.8815769
squad,0.22618513,-0.92572004
square,-1.1934953,1.2574407
squarely,0.1032917,2.249802
squares,-1.0749915,2.6501446
squash,-3.6383371,1.9808441
squashed,-1.1060925,1.2146418
squashing,-2.372501,-2.0217087
squashy,0.7962503,3.430695
squat,4.180254,0.72774863
squeak,0.9896475,-4.3923397
squeaked,0.7214855,0.18837526
squeakily,0.2536719,-2.2888532
squeaking,-2.0681522,-0.105489396
squeaks,-2.775659,-1.5789495
squeaky,0.9301173,1.1223034
squeal,-1.1009635,3.006466
squealed,-0.23525456,0.07649401
squealing,-4.373915,1.8342677
squeals,-2.4762347,0.20664729
squeeze,0.75946814,-1.8365682
squeezed,-1.2437183,0.36242694
squeezing,0.58589697,2.2639868
squib,0.3671239,-0.97181976
squibs,1.1534071,-1.9269717
squid,0.9910217,-1.8445354
squinted,-1.4249707,0.44012913
squinting,-0.9405056,0.7812052
squirm,-1.8306476,-2.4834957
squirmed,-0.2486631,1.4639709
squirming,-0.51903784,1.068449
stab,0.32096335,0.12192021
stabbed,-1.1330041,-2.674018
stabbing,0.28494918,1.3829788
stack,-1.4578261,0.4152545
stacked,-1.3498082,-0.020791449
stacks,-3.0666275,1.8768313
stadium,-2.208986,-0.14674152
staff,-0.14439164,0.40421098
staffroom,-0.57969,0.59166837
stag,-2.6683216,1.1997066
stage,2.2511811,-2.694343
staggered,-1.4070702,1.4869916
staggering,-1.5690682,1.4443043
stained,0.04544562,2.3748934
stains,-1.6884401,3.1254554
stair,-0.99080616,1.1766546
staircase,-1.7869235,0.9803137
staircases,-2.1338656,0.84230286
stairs,-1.3626623,0.74072564
stale,-2.4726985,2.9641395
stalked,0.8932649,1.9314326
stalking,-2.5102158,0.8428949
stall,1.8716916,1.4923632
stammered,0.43236062,-0.078954734
stamp,2.9515579,-1.6670225
stamped,-0.6693381,1.4614202
stamping,-1.2126344,0.054959908
stamps,2.4214652,2.698025
stan,-0.3908505,0.020838844
stand,-0.09480203,-0.10973421
standard,2.6589735,-2.8103256
standards,0.051372178,0.88599795
standing,-0.7840165,0.969928
stands,-1.3858651,0.77379763
star,-1.5028996,-1.7047997
stare,1.7746683,2.616525
stared,-0.2540972,0.91686237
stares,3.6068242,-0.2748282
staring,-0.36508223,0.9587006
starry,-1.2766044,2.534721
stars,-0.22031932,4.2607713
start,-0.2044721,-0.7561292
started,-0.5757064,0.27319622
starting,-1.0195376,-0.46105585
startled,-0.9402572,-2.9877803
startling,0.43850306,-3.6818
startofterm,-1.9907217,-2.3258116
starts,-0.9298965,-1.1972833
starving,-1.1471362,-0.77969265
state,-1.116214,-3.457821
stated,1.4425142,4.069087
statement,1.6530241,-0.7372088
states,3.1742072,2.4167285
station,-3.1124113,-0.6080921
stationary,-0.58128923,0.20590557
stationed,1.0112724,-1.8116846
statue,-1.7806633,3.822418
statues,-0.8088673,1.3003026
status,-2.079975,-1.4543468
statute,-1.5744492,-3.3476112
stay,0.111475386,-0.50962806
stayed,0.24269032,-0.74352366
staying,0.1113958,-1.8406197
stays,0.43039528,1.4823141
steadily,0.9603029,1.9316127
steady,-0.29734087,0.94943535
steadying,-0.34265727,3.4045494
steak,3.1545012,0.9359255
steakandkidney,-1.7258081,2.028085
steal,0.75425714,-0.6976546
stealing,-0.376957,-1.8058327
stealth,1.3609464,1.4944484
steam,-0.5230836,-0.02446564
steaming,-0.5582535,4.099694
steely,1.2427031,1.1059847
steep,-1.9886807,1.1867726
steeply,1.902097,3.216118
steered,-1.2491539,1.8972734
steering,-3.9091032,0.5706169
stem,-0.21225263,2.2178142
step,-1.1106043,0.9794041
stepped,-0.9764455,1.3879308
stepping,1.3229431,2.668688
steps,-1.5233281,0.97120357
stern,1.0624211,1.1567967
sternly,-0.6638679,-0.41011292
stew,3.483943,1.3692718
stick,-1.1512059,-0.0022972035
sticking,-0.20125484,0.7211523
sticks,-0.048810333,-3.13076
sticky,3.7288673,1.8997668
stiff,0.9510559,1.4969976
stiffened,0.18014643,0.36674276
stiffly,0.9857068,0.2794733
stifled,-2.018331,2.4860697
stifling,-2.1686602,0.3204815
stile,-1.8636639,0.5129078
stillness,0.9678979,3.4388552
sting,-0.3328982,3.0763123
stinging,1.0341085,3.2277715
stinking,1.275673,1.2271075
stinks,-2.3417935,0.97888654
stinksap,-2.6085544,2.500606
stir,0.99791604,1.3267623
stirred,0.43489054,1.553067
stirring,-0.8772943,1.3320178
stitch,-1.299978,1.9328874
stitches,3.0741467,0.031973813
stock,-0.09001328,-1.5533341
stockstill,0.044622708,2.1515255
stole,1.5287789,0.70724666
stolen,0.8357805,-0.6505949
stomach,0.93237936,2.157437
stomped,-1.8538251,0.9727965
stone,-1.3449482,1.3126471
stones,-1.5700802,2.5788524
stony,2.3803904,1.1106659
stood,-0.88320374,1.1569035
stool,-2.3526533,1.66806
stoop,0.54579425,2.5431929
stooped,-0.16906627,-4.080165
stooping,-1.6568778,1.502871
stop,0.02923132,-0.16960329
stopped,-0.4962148,0.31348214
stopper,-0.11381004,2.8824496
stopping,-1.1107706,-0.05295023
stops,2.885201,-0.4002929
store,1.4807987,-1.2397939
stored,2.176342,0.35257655
stores,1.9038206,-1.9381101
stories,1.6469691,-1.7546442
storm,1.2488494,-2.5383482
stormed,-1.6527169,0.49336052
storming,-1.9012084,-3.7403176
stormy,-1.6596937,-1.1581488
story,1.4323685,-1.3128872
stout,1.1950612,-1.667823
stove,-1.6645168,0.69064796
stowed,-1.2448128,1.7574681
stowing,-3.9782975,1.6521109
stragglers,-2.2833314,-2.0313907
straight,-0.79792494,0.83252215
straightaway,0.62245756,-0.52267265
straighten,0.15888172,2.3814929
straightened,0.6515782,1.1460828
straightening,-0.24080077,0.5937616
straighter,0.51335746,0.7733693
strain,-2.4164643,0.017621621
strained,-3.175247,-3.104589
straining,-0.35146803,0.66367626
stranded,0.53685826,-3.222335
strange,0.89221066,0.14935258
strangely,-0.24191666,2.1227608
stranger,2.7876008,0.63361967
strangers,-3.586353,-0.11149616
strangest,1.3241386,-0.26126575
strangle,-0.25021413,-1.3370757
strangled,-2.288678,-2.8790529
strangling,-2.7085183,3.4901998
strap,3.2025635,2.3412874
strategy,1.4620475,-1.0757042
straw,-1.4331352,2.2072797
strawcolored,-0.17248242,3.229568
stray,-2.2550876,-2.2647157
strayed,1.5839401,0.46703845
streak,0.09074707,3.37135
streaked,-0.80193204,2.454748
streaking,1.5804911,2.1364486
stream,-1.205407,1.2793489
streamed,-0.8067303,3.0700066
streamers,-1.5364157,3.316086
streaming,-0.64867115,3.8516808
street,-1.6729193,1.0886428
streetlamps,-3.676511,1.3748485
streets,-3.1032982,-1.492935
strength,1.0178399,0.50691974
strengthening,0.88656026,-2.2215629
stress,1.8127373,-3.597203
stretch,-1.3793874,1.483885
stretched,-0.33837888,1.9139925
stretching,-0.18136181,0.9846707
strewn,-1.7134978,1.1604017
stricken,1.5642465,0.24943702
strict,0.6634442,-2.6945586
strictly,1.8120631,-0.3137452
stride,-1.6791434,0.70599806
strides,-2.4676943,1.2878015
striding,-1.3167167,0.41999093
strike,0.6640982,0.016753335
striking,0.64289266,3.6178713
string,-0.12489367,2.196127
strings,-0.037109513,2.6763217
strip,-0.89406854,-3.2321148
striped,-1.4330295,1.2874627
stripped,1.8223625,3.729717
stripping,-2.324898,-2.1802216
strips,-2.6403441,3.0648155
strode,-2.2124138,0.7804129
stroke,3.4012058,1.4780067
stroked,1.6555473,1.608929
stroking,1.3736451,1.6010813
stroll,-1.2256002,-2.936066
strolled,-1.7681947,-0.004268198
strolling,3.856091,1.0422767
strong,2.4061894,3.1235485
stronger,0.7608632,-0.4226909
strongly,0.046264593,-4.067199
struck,0.8435205,0.37761724
struggle,0.5238268,-0.10655115
struggled,-0.33301005,0.70954347
struggling,-0.4211846,0.70253867
strung,-2.421231,1.6811197
strutting,2.8359559,-1.3712544
stubborn,2.5267653,0.4504342
stubbornly,-0.44776642,-2.6791787
stubby,0.31782326,3.2253568
stubefy,0.4564794,0.12395827
stubs,-1.4417598,2.0981748
stuck,0.5094565,2.4318242
student,0.8557495,-1.1054212
students,-0.54705673,-0.28590238
studied,0.26738968,-1.9493709
studies,1.511064,-3.8748233
study,0.91171825,-1.1451485
studying,1.631736,-2.623601
stuff,0.026650224,-1.6295313
stuffed,-0.6196479,1.6612428
stuffing,-0.8025496,-0.21766274
stumbled,-1.1530385,1.6866082
stumbling,-1.8363192,0.987921
stump,-3.2286923,0.29405943
stumped,-0.59050035,-3.9428604
stumping,-1.7108781,1.2140371
stun,-0.1447978,1.2500718
stung,0.48736534,0.95809233
stunned,0.20531237,0.4444383
stunning,-0.45997554,-2.2224956
stupefied,-3.4279444,0.36612225
stupefy,-0.61029685,1.4843252
stupendous,1.2528349,0.20627156
stupid,0.48587707,-1.5411143
stupidity,1.2435361,0.7254275
stupidly,1.2227672,1.4895935
sturgis,-1.6115271,-4.057286
style,3.5193613,-2.1619587
subdue,3.864242,0.22977188
subdued,-1.9056388,-1.3604559
subject,1.0265348,-2.4506264
subjected,1.5761428,3.4230962
subjects,-0.31901792,-0.7587573
submitted,3.4942424,0.8280425
subsided,-2.0125525,-2.4937234
substance,0.7979802,2.90104
substitute,-0.77294695,-2.320541
succeed,2.0449903,-1.0837127
succeeded,1.5934305,-1.6411012
success,1.7366549,3.4212487
successful,-0.15063852,-3.789299
successfully,-2.803034,-0.8185692
such,0.34645328,-0.70373404
suck,2.1398108,0.13246989
sucked,2.0010126,-0.97804284
sucking,-2.380369,3.1878986
sudden,0.49367988,0.89379394
suddenly,-0.25283712,1.1836193
suffer,1.6725601,3.498234
suffered,0.85636044,-3.0500026
suffering,-0.23716104,-2.7140446
suffice,-2.4078681,-3.9603558
sufficient,-2.2445366,-1.8912129
suffocating,0.49845073,2.3009164
sugar,-1.5154104,-0.021332106
suggest,0.45706546,-0.39959607
suggested,1.5097593,0.3116683
suggesting,1.5900508,0.30342624
suggestion,2.831401,-0.08336435
suggestions,-1.7382773,-2.6128445
suit,-0.5601708,1.954047
suitable,-0.00066402403,-1.990209
suitcase,-1.8550837,2.073169
suited,-1.15417,-1.7137766
suits,-2.9686756,3.0144904
sulky,0.8997016,1.1251723
summat,0.03329488,-3.4877822
summer,-0.6527614,-1.5202767
summers,-1.0617157,-1.6178715
summon,2.47824,0.54690665
summoned,0.5256912,-0.51311386
summoning,3.618967,-1.238677
summons,1.2482706,-0.7569891
sun,-1.7686615,2.8417757
sunday,-0.3584554,-0.6869498
sunk,-1.9492811,1.687301
sunken,-0.099218845,1.7137249
sunlight,-0.6487476,4.336605
sunlit,-2.4003396,3.0555468
sunny,-2.9575353,0.7241131
sunrise,-0.77890706,3.692967
sunset,-2.3779228,2.3347762
sunshine,1.3807994,0.17656025
superb,-0.9368705,-2.373091
superior,-0.023322502,0.83534074
supper,-3.1575494,2.8252325
supplied,-0.95242363,-0.40752834
supplies,-2.7403808,-1.8453183
supply,0.35070124,-3.1426525
support,0.22550386,0.37699628
supported,-1.6289163,0.98133284
supporter,-3.8009708,1.0873
supporters,1.1271393,-0.4244202
supporting,-1.9889206,0.004133431
suppose,0.39683303,-1.1265541
supposed,0.38089994,-0.4844228
suppress,2.479367,-1.5680139
suppressed,2.2132769,2.6074014
supreme,0.5184424,-1.4002482
sure,0.4470513,-0.2752598
surely,1.546353,-0.35533965
surface,0.2917969,2.7723706
surge,1.1930561,2.2420905
surged,1.9018002,3.3006034
surging,0.32572708,3.6361253
surly,-0.20167291,2.0219772
surname,3.3790545,1.0328637
surprise,0.14941995,0.07330469
surprised,0.26735923,-0.5267465
surprises,-2.0337138,-1.0050057
surprising,-3.2392437,-1.0099999
surprisingly,-3.5896764,1.9294419
surreptitiously,3.863533,-1.6682907
surrounded,-0.8034243,0.72935045
surrounding,2.5218797,3.5779252
surroundings,1.0766454,3.8246534
surveyed,-0.09834588,1.290621
surveying,2.06864,1.0543067
survive,0.005825885,-1.696261
survived,1.2650608,-0.5046026
survives,1.9194283,-0.8675615
susan,-3.000595,-1.5193216
suspect,1.3505433,-0.085135795
suspected,2.2637284,-1.0570252
suspects,2.520036,-0.35241675
suspended,-2.4372578,0.40380272
suspension,2.041822,-0.6031284
suspicion,1.442969,0.8943753
suspicions,1.2616256,-0.48458147
suspicious,4.0238304,1.4231273
suspiciously,-2.7454245,-2.2002227
sustained,1.3567101,0.055398088
swallow,-1.4890674,-2.457897
swallowed,-0.27411735,0.32250372
swallowing,-1.0561655,-2.4508393
swam,0.9024082,4.0086665
swamp,-1.0137031,-0.46256083
swap,1.0255841,-1.0782435
swapped,-1.9343529,-1.3188568
swarm,-2.303214,3.3083017
swarming,-1.2072641,0.2304581
swayed,0.24430226,1.3280203
swaying,-3.4517462,-0.27670145
swear,1.2244818,-1.2650064
swearing,-0.6964828,0.30717257
sweat,0.55660653,1.2114544
sweater,-0.7451392,0.14746495
sweaters,-1.3502676,3.1916137
sweating,-0.99020934,0.07883521
sweatshirt,-0.9873347,2.3245435
sweaty,1.7031777,2.887028
sweep,-1.433946,1.5074564
sweeping,1.493459,3.3003926
sweet,2.5118299,3.664918
sweetly,1.0342783,-1.1283951
sweets,-0.50753415,-0.5008562
sweetshop,2.4310222,-3.2872643
swell,2.2767003,4.0149527
swelled,1.0070341,1.3935869
swelling,0.5404389,1.6865021
swept,-0.31762198,1.2352266
swerve,-0.8900231,0.53615284
swerved,-3.6227326,0.24457204
swift,-1.7589345,0.8015784
swiftly,-2.6851983,3.9095712
swig,2.8506017,2.2814834
swim,2.5633395,-1.4645603
swimming,0.6762314,1.6767064
swing,-1.3368591,1.0157573
swinging,-2.5123725,3.7262952
swipe,-0.7710687,1.6724864
swirl,-2.40298,1.7045815
swirled,-0.6992834,2.744735
swirling,-1.5700028,2.440526
swish,1.3544633,3.4306047
swishing,0.775798,-4.185269
switched,2.5169876,-3.5538635
switching,4.0990424,0.1176195
swiveled,-1.9209595,1.5065935
swiveling,1.8489151,2.5086296
swollen,0.3465043,2.0840838
swoop,0.57279027,2.1252484
swooped,-3.456725,2.4651816
swooping,-1.5090451,0.06541128
sword,0.46695977,1.402079
swords,-3.373057,1.2178236
swore,3.3150198,3.0306604
sworn,1.3235219,1.674216
swung,-1.6071774,1.716666
sybill,1.2944684,-0.9846453
sycophantically,-3.6217031,0.21454804
syllabary,-3.512854,2.5258498
symbol,0.71104467,0.078247905
symbols,1.667402,1.5914382
sympathetic,2.451341,-3.3821042
sympathetically,3.4440308,-0.7349285
sympathy,1.108537,0.044425312
symptoms,0.8054074,0.8794382
system,-1.3958513,-1.4215268
tabby,-0.5983224,3.7561655
table,-1.0834858,0.7977689
tablecloth,2.2571924,3.4839392
tables,-1.6798669,2.62369
tackle,0.23928395,-1.5830237
tactics,-1.498809,-1.1582167
tactless,-1.6227474,-2.5393467
tail,0.08675795,2.5976467
tailed,-0.27008677,-0.7469957
tailing,0.69498575,-0.3041659
tails,-1.5324794,3.9678094
taken,0.064213425,-0.14686844
takes,-0.18387142,-1.7491965
takin,0.9855421,-1.5996605
taking,-0.18287088,0.09372851
tale,1.0410804,-2.265499
talent,1.1303213,-1.5447772
talented,-2.7044742,-1.9226569
tales,0.07205811,-1.8992671
talk,0.12217027,-0.6371702
talked,1.4189912,-1.3544933
talkin,-0.26608932,-2.758998
talking,-0.10707343,-0.16369192
talks,0.5604619,-1.5041165
tall,-3.0873008,1.4800885
taller,-0.68835264,0.64629686
tallest,-2.3924284,-0.14783362
talons,1.0003806,1.92026
tame,1.1645682,0.26276782
tampered,2.3649702,-1.9831057
tangle,0.02647349,2.2404428
tangled,-0.13268818,3.5035179
tank,-0.53365034,1.4425526
tankard,-0.9429089,0.079643324
tantrum,-0.5429877,-0.7895618
tap,-0.33953553,1.5636089
tape,-2.690674,-2.112989
tapestry,-1.2619994,0.9363131
tapped,0.9038838,2.894618
tapping,-0.66370195,1.2319738
taps,-1.8238045,4.0051327
target,0.24231946,-2.1664526
tarnished,1.0728348,1.420559
tart,0.68567836,0.17147551
tartan,-1.6069424,3.8829575
tartly,0.66447616,0.3490652
task,-0.5794634,-1.3356577
tasks,1.4884297,-1.7006505
taste,-2.7782676,-2.0949888
tasted,-2.049272,-2.4827309
tattered,2.7386723,3.2327228
taught,1.4226543,-1.1709945
taunt,1.1835353,-0.16005078
taunted,1.5086099,-0.059576333
taut,0.40186253,1.9329635
tawny,-0.65079707,0.83089
tea,-0.79534024,-0.1769506
teach,1.1118265,-1.5247991
teacher,0.6684975,-1.3482406
teachers,-0.39873374,-0.55608827
teaches,0.7157114,-3.3520398
teaching,0.6894518,-2.5884633
teacup,0.6083272,1.8686123
teacups,0.45659414,2.0486987
team,-1.8245053,-0.8655899
teams,-1.4225277,-1.3184487
teapot,-2.2645016,-0.07048131
tear,0.3354242,0.8596696
tearful,-1.4753419,-0.042234093
tearfully,-1.3556354,-0.23138194
tearing,-0.5581559,0.20137788
tears,0.2516779,1.8544893
tearstained,-3.383038,-0.72056085
ted,-0.06865754,-0.79005444
teddy,-2.4995427,0.35238844
tedious,2.2424457,-1.1129359
teeming,-1.6428554,0.44107807
teenage,1.2503377,3.9340022
teenagers,-1.4385291,1.3766322
teetering,-2.5678027,3.5805357
teeth,-0.044288523,2.478407
telephone,-3.5558028,-1.3728498
telescope,-0.96489024,1.5412806
telescopes,-2.6596167,-0.2405024
television,-0.2148753,-0.34049132
tell,0.34490103,-0.6273351
tellin,1.0348252,-2.125101
telling,0.22314066,-0.5184284
tells,1.5901943,-1.3696177
temper,-0.02082348,-0.19878851
temperature,-2.736879,-0.062541455
temple,1.2815689,3.5708518
temporarily,-2.6455734,-1.260471
temporary,2.1036904,0.317801
temptation,2.7257981,0.25907493
tempted,1.9908913,1.1202238
ten,-1.1698506,-0.5213883
tend,-0.7211222,-2.1996171
tended,-2.0315533,1.1273754
tennis,-2.7520616,-1.367947
tense,-0.4369764,-0.24212894
tensely,1.4831902,-1.8752191
tension,-1.1709365,-0.728336
tent,-0.6750719,0.74433273
tentacles,-3.9250615,2.399305
tentacula,-1.0353237,0.29090315
tentatively,0.34389642,-0.43390062
tents,1.612635,2.7009325
ter,0.20795898,-2.0106707
term,-0.44111958,-1.4504901
terms,-0.35351267,-1.5360498
terrible,1.0847397,-0.036944125
terribly,1.4205198,-3.2002745
terrified,-0.44330716,0.56768894
terrifying,2.3362238,1.8989958
terror,1.1149173,1.491351
terry,-3.082587,-1.9101222
tersely,-1.1771033,-1.537805
test,-0.095498584,-0.7401323
tested,-0.5201093,-1.5195804
testily,3.0122755,-1.7838155
testing,3.328091,-2.5295758
tests,0.7675774,-2.1406047
tethered,1.9080509,-2.6158028
text,-2.2382855,-2.7892485
textbook,2.377903,-2.019139
textbooks,1.2435033,-2.8115456
tha,0.3115492,-2.323059
thank,0.21622504,-0.098441064
thanked,-0.01952509,0.19500287
thankful,3.7758672,-0.43226835
thankfully,-2.50819,-1.8801426
thanks,-0.44376895,-0.30746922
thatd,0.2290199,-1.6373708
thatll,0.53720903,-0.6554727
theirs,-0.7076589,-0.8072059
themselves,-0.3949801,0.16651757
theories,-0.66555345,-1.5751566
theory,2.4484923,-1.3018811
thereafter,3.4388769,-0.49134284
therefore,2.200129,-1.3657176
therell,0.43545112,-1.7152128
thestral,-2.1536095,1.5125562
thestrals,0.042023294,-1.3926789
theyd,-0.22844724,-1.5030609
theyve,0.04107295,-1.0101234
thick,-0.5798248,2.9012647
thicker,-1.9264995,3.9367588
thickly,-0.51972836,-0.28012848
thicknesse,2.1042762,-0.30506602
thief,1.586248,0.27013066
thieves,1.1378722,-0.51957315
thin,-0.5527509,2.286085
thing,0.3610933,-0.4577714
things,0.24451166,-0.66858435
thinking,0.07674327,-0.23474938
thinks,0.8455253,-1.0013593
thinned,2.188491,2.7753541
thinner,0.73531103,1.3633466
third,-0.5951143,-0.39669567
thirdfloor,-2.386508,0.2474545
thirdyear,-0.7682282,-2.6333847
thirteen,0.8214383,-1.3856546
thirteenth,-1.4397439,4.2035074
thirty,-1.1786555,-0.9629981
thirtyfive,-2.3576992,-0.123782754
thirtyfour,2.486314,-1.8755231
thirtyone,-0.3986603,-1.2628297
thirtyseven,-0.9489526,-1.6079825
thirtysix,2.2255342,0.8056089
thirtythree,3.7579849,-1.0429351
thirtytwo,-1.0325224,3.216024
thisll,-0.5152522,-1.9164084
thomas,-1.0620339,-0.48531088
thorough,1.2242,-1.9586458
thoroughly,2.939259,-0.19746505
thoughtful,1.6917655,-4.2365746
thoughtfully,1.7614728,2.0537488
thoughts,1.4875691,0.40596563
thousand,-0.8227785,-0.017959079
thousands,-2.9176776,-1.2518929
thrashed,0.38443288,2.5377395
thrashing,-2.3665411,-0.5983748
thread,0.041900355,0.9022176
threadbare,-1.2342759,2.7871952
threat,-0.7170838,-1.2394273
threaten,-0.35387585,-3.0687702
threatened,1.490765,1.5882423
threatening,0.69536936,-0.0151417935
threateningly,1.5164101,3.139665
threats,0.5939067,1.0640696
three,-0.71008724,-0.12610292
threeheaded,0.53173673,-1.7446599
threequarters,0.21679682,-2.9223797
threes,2.6507602,2.8671007
threshold,-1.2923578,0.91307014
threw,-0.70618826,1.2110088
thrill,2.4029098,0.45214427
thrilled,-0.77012765,-0.3620454
throat,1.4887764,3.2448874
throats,1.5932349,2.9327233
throb,1.6070257,2.1077688
throbbed,1.3339484,3.9535809
throbbing,-1.7879481,3.9555995
throng,-3.960413,0.7028597
throughout,-1.6786561,-1.1726904
throw,3.865087,0.083293654
throwing,-0.8857549,1.3179072
thrown,1.2215198,1.1656728
throws,-1.176771,-3.0367851
thrust,-0.921134,4.5925045
thrusting,-0.079011895,1.014424
thud,-1.3314986,1.7909067
thudded,-1.9790263,1.8401061
thuds,-3.9006906,1.9265071
thumb,-2.804763,-0.33116493
thumbs,-1.2919008,1.7331634
thumbsup,3.3335767,2.0682793
thump,1.3813021,2.7616513
thumping,-0.4271952,0.5544299
thunder,-0.78153753,0.33254516
thundered,1.6293523,2.6014893
thundering,-1.2953864,1.6175913
thunderous,0.0034581847,-3.9299526
thunderstruck,2.1718125,1.8165203
thursday,-1.1399984,-2.1999724
thus,1.8390589,0.46457803
thwarted,2.3588343,-0.33964968
tiara,-3.3426087,-0.13357647
ticked,-1.6817437,-2.4871333
ticket,0.98041934,-2.8272054
tickets,1.0936944,-2.2599175
ticking,-0.40503493,3.3920164
tickled,0.2337484,3.1292083
tide,-2.1009324,-0.772073
tidy,-3.9117436,-1.5995389
tie,-0.7233943,4.0707035
tied,-2.386932,3.7145588
ties,1.0212069,-1.6174098
tight,-0.055659447,1.8248111
tighten,0.756819,4.322391
tightened,-1.5406823,-2.5562947
tightening,0.38061583,1.7525836
tighter,2.9179115,-0.57449543
tightly,-0.33044133,2.0839808
tiled,-2.6155496,2.9273736
till,-0.38604644,-1.4952966
tilted,3.9543276,0.09916247
tilting,0.5086719,4.243562
time,0.0012302224,-0.3785745
times,0.7968497,-1.4789603
timeturner,-3.0693457,3.3453262
timidly,0.12889409,0.94710296
tin,-0.41056615,1.8451022
tinge,-1.4621347,3.6494615
tingling,1.1210148,2.4195282
tiniest,2.4540162,0.9307739
tinkle,-1.5787269,0.26398984
tinkling,1.6637214,-4.3238635
tinsel,-1.2180841,3.5651388
tiny,-0.3167543,1.7728575
tip,0.07486391,2.7534988
tipped,-3.2898526,2.9126685
tipping,-0.8789202,1.9840124
tips,-0.35207257,1.9728801
tiptoe,-2.3072011,0.6284451
tiptoed,-2.3841429,0.43066567
tired,-1.5239037,-0.92354596
tiredness,-0.9368399,4.531799
tis,2.1854134,-0.2376481
title,1.1202174,1.0889164
titles,1.9249853,-2.296488
toad,-0.0050626434,0.51093453
toadlike,0.8006253,1.8960993
toads,-3.4600377,-1.4485165
toast,-1.4889474,0.26619703
today,0.26945782,-1.7627702
toe,-1.2463466,0.41019824
toes,1.0173494,1.6877979
toffee,-1.5794805,-1.8937308
toffees,-3.510742,1.4189988
tofty,-1.1939566,-0.794942
together,-0.43271136,0.36342508
toilet,-0.2489801,-0.18781506
toilets,-2.2295654,-2.4091322
tolerate,-1.310323,-4.0185204
tom,1.4713402,-0.5781483
tomb,-0.8237501,1.3796245
tombstone,2.651317,1.0211881
tomorrow,-0.31059152,-1.3654262
tone,0.76762664,-0.22445929
tones,-0.39910096,-1.049775
tongue,-0.35712588,0.59902316
tonic,-2.4090748,3.37786
tonight,-0.055900864,-1.0196209
tonks,-0.20935763,0.04540644
toothless,4.2816234,0.35331166
top,-1.54246,1.5495043
topic,1.254634,-0.4257251
topmost,-2.3890116,0.0786809
topped,-1.4486221,1.7893082
toppled,-1.1464554,1.5383655
toppling,-1.5527078,1.6027495
tops,-2.0954733,1.2088903
torch,1.5048184,3.0022087
torches,-1.9535748,4.554012
tore,-1.3624477,1.6614217
torn,1.688575,3.5912595
tornados,-2.3658347,-1.9904761
torso,-0.7786512,2.1821952
tortoise,2.702196,-1.8791232
torture,1.3006964,-0.60179466
tortured,0.23006544,-0.04853452
torturing,0.992085,-1.0112326
tossed,-2.833711,1.819362
total,3.2434146,0.97509176
totally,2.6649597,-1.5033909
totalus,-2.1383598,-0.0066644154
tottenham,0.21669787,-0.3187208
tottered,-2.4260983,0.79121184
tottering,-1.510068,1.762984
touch,1.366278,0.2121549
touched,0.6189036,1.3539265
touches,0.69894814,-0.39445662
touching,1.172516,0.34932855
touchy,0.9186669,1.2955325
tough,-0.18486065,-2.183021
tour,0.12495081,0.42650953
tournament,2.032845,-2.4067783
toward,-1.4672588,1.0105414
towel,0.84585875,1.9469543
tower,-1.7806714,-0.16954668
towered,-1.2883129,0.33680078
towering,-1.985778,2.378429
towers,-2.215001,-0.04445857
town,-2.6753848,-0.039247386
toy,-1.8391391,2.2783587
trace,0.66978127,1.3009752
traced,-1.8670392,4.619554
traces,0.72796106,-3.0636368
tracing,0.86668307,0.823167
track,0.045610696,-0.54835695
tracked,-3.256992,-1.8739551
tracks,-1.6264004,1.5010432
trade,-0.8089673,-0.83210784
trademarks,-2.3997903,-4.1598773
tradition,1.7525576,-1.6005332
traditional,-0.20261371,4.0461354
traffic,0.535631,1.517031
tragedy,2.4083407,1.597234
tragic,1.0564679,-3.20842
trail,1.9425052,-0.15758947
trailed,3.0642297,2.536919
trailing,-1.2040071,3.5716112
train,-0.9405908,0.11095144
trained,-0.63583946,-2.1904092
trainers,1.2241524,1.8402292
training,-0.69059336,-1.174288
traipsed,-2.328429,-0.5399107
traitor,-1.4036019,-3.3056612
traitors,1.1781354,-1.0672404
trance,3.4851897,-0.6232358
transferred,-2.3597035,-0.3383877
transfiguration,0.29587707,-2.6987789
transfigured,0.5577412,0.69186884
transfixed,-1.1020828,-2.7873375
transform,0.4641256,-1.1302778
transformation,-1.5798063,-1.7928184
transformations,1.2779549,-1.7827669
transformed,-0.47053105,0.8981377
transforming,-1.6013205,-0.61848754
translation,0.14054593,-1.63324
transmitted,1.7218353,-0.8294461
transparent,1.3830303,1.432229
transport,0.2532557,-1.6822271
transported,1.347768,2.9327543
trap,1.260743,0.31444445
trapdoor,-1.1898786,1.0919425
trapped,2.403325,0.46535242
trash,0.73392844,1.6615409
travel,2.5835652,0.09214522
traveled,-0.39499792,0.2627183
traveling,1.1831827,3.7806723
travels,-0.5583935,-1.9280214
travers,-0.5699461,0.6043696
tray,-2.048937,1.4867029
trays,-2.8102114,2.9894638
treachery,1.5755427,0.13059482
treacle,-0.40907106,0.22296143
tread,2.234986,-2.5077178
treading,1.435982,2.510778
treasure,1.9026048,-1.4484833
treasured,1.3652474,-0.7061448
treasures,2.4435103,0.24612169
treat,-0.9265921,-1.4908515
treated,1.7690315,-1.9116745
treating,0.040684342,-1.5616958
treatment,1.9257177,-0.35082588
treats,-3.101499,-0.3491524
tree,-2.1161869,2.1112869
trees,-1.9946404,2.2289846
treetops,-1.8471991,2.038312
trelawney,-0.055061925,0.32530347
tremble,1.1501572,-4.2971005
trembled,-0.07116223,1.7427231
trembling,-0.20156221,1.5483253
tremendous,-3.358145,0.2504581
tremulously,1.8632336,2.426233
trepidation,1.7044014,1.5270294
trespass,2.4707258,-3.2960515
trestle,-1.5223606,1.0157108
trevor,-0.38631555,1.749392
trial,2.1620452,-1.5959078
trials,-1.5976036,-1.8934796
triangular,3.6016414,-1.4416859
tribute,1.7102213,4.156184
trick,0.6097027,-0.27096018
tricked,2.2078936,-1.5509572
trickle,0.6585762,2.7373772
trickled,0.4609655,2.2813687
trickling,0.61769366,3.852499
tricks,-0.5863076,3.2885418
tricky,-2.0669637,-2.7300105
tried,0.20760441,-0.02755484
tries,2.425024,-0.9962561
trifle,-1.9864355,-0.37046978
trip,-0.063707314,-1.0755211
tripped,-3.4607258,2.8222382
tripping,-2.4870741,1.7226462
trips,2.669016,-0.86715335
triumph,0.29354012,4.814673
triumphant,0.9749406,1.1195846
triumphantly,-1.2322595,-1.6819441
triwizard,2.3060968,-2.535756
trod,0.8989219,1.1610548
trodden,-0.35745353,-2.381697
troll,0.7407712,1.3716
trolley,0.029913222,0.4050324
trolleys,3.6719568,-1.9285624
trolls,-1.900485,0.4116053
trooped,-2.7665658,0.55289394
trophy,-1.401973,-0.45624864
trot,-1.6978033,0.055263244
trotted,-1.0246729,1.7930114
trotting,2.1392176,1.8262552
trouble,0.46510762,-1.6215407
troubled,-0.07744276,-0.402287
troubles,-0.75402814,0.33881113
troubling,1.5864165,0.48564115
trousers,-0.90123874,0.13982904
troy,-2.9647439,1.6529043
trudged,-2.0607378,-2.0862107
true,0.9506381,-0.31115082
truly,3.0428975,0.22500083
trunk,-1.2436825,1.1005133
trunks,-3.521907,1.8644083
trust,1.8301437,-0.8670874
trusted,1.4166566,-0.45346197
trusting,1.2357247,-2.3688543
trusts,0.73588157,-1.348895
trustworthy,3.2160254,2.1391013
truth,0.8306156,-0.7144509
truthfully,-0.16171706,-3.7731302
try,0.22383389,-0.61976767
tryin,0.0034068506,-2.4846797
trying,-0.021412427,-0.07087079
tryouts,-0.5006067,-2.077912
tshirt,-0.040685516,2.2695258
tub,-0.50943226,2.939075
tucked,-0.49306253,2.134798
tucking,-0.85349023,-0.6304762
tuesday,-1.1413103,-1.9086858
tug,0.12011868,2.456667
tugged,-0.8039187,1.7522991
tugging,0.13345237,1.2109915
tumbling,0.9119802,1.9140376
tumultuous,-2.3475697,-0.7658504
tune,-0.4034096,-2.4081118
tuney,2.0508692,-1.0339553
tunnel,-1.6973099,1.2447355
turban,-1.7973529,0.56930965
turkey,-0.94060475,-0.94963926
turn,0.25090933,-0.146529
turned,-0.3204073,0.73182994
turning,-0.095082074,0.5852885
turns,0.3785296,-0.5838412
turquoise,-1.1336603,2.738451
turrets,-2.6889758,2.500992
tut,2.578036,-1.4462396
tweed,-0.7196686,3.3053634
twelfth,-0.1249316,-0.4321756
twelve,-0.06244601,-0.42848408
twenty,-1.7445877,-0.47461855
twentyeight,2.7450018,-2.742891
twentyfive,0.3335089,3.407529
twentyfour,-0.5188412,-1.8321774
twentyfourth,-0.66430104,-1.5579419
twentynine,1.8271419,-2.95003
twentyone,-1.4867309,-1.4802563
twentyseven,-1.2067292,-1.6623083
twentysix,2.7893198,2.4835012
twentythree,-1.8102429,-1.2455748
twentytwo,-4.555157,-0.24360403
twice,0.2204919,-0.12783484
twiddled,-1.1853209,0.7432188
twiddling,-1.8705428,4.2982326
twig,-0.94286466,1.6268855
twigs,-3.0240493,0.6792958
twilight,-2.9193485,3.3690853
twin,-0.6139011,-0.24636672
twinge,0.104966395,-0.4347291
twinkled,-1.6365883,1.0655166
twinkling,0.18995613,2.0741131
twins,-3.304555,-1.3062378
twirled,0.15898712,2.1426034
twirling,0.473149,2.7129576
twist,2.5984387,3.0448604
twisted,0.16002737,1.6571637
twisting,-0.61469084,1.2027777
twitch,2.5068169,1.6027006
twitched,0.0347684,1.1122779
twitching,0.29937002,1.479739
twittering,-2.9667363,0.80573404
two,-0.7220351,0.23779246
twycross,-1.7387295,-3.4239497
tying,0.58566236,1.0657046
type,2.4266217,-0.9131594
typical,-0.76185995,-0.6259389
ugly,-0.090440236,1.4860585
uhoh,-4.0401473,2.1969945
umbrella,-1.7344109,2.309719
umbridge,0.25856888,-0.16525277
unable,1.3513033,-0.18295304
unaware,3.6551938,-1.334816
unbalanced,3.3752837,-0.20905317
unbeatable,1.9243321,1.5944648
unbelievable,-0.77096957,-2.3151486
unbidden,-3.6741512,1.2237259
unblinkingly,1.5221944,2.550073
unbreakable,0.58146554,-3.5406141
uncanny,-0.14456585,-1.4678507
unceremoniously,3.1183498,2.418237
uncertain,-1.7669548,-0.8760306
uncertainly,-0.15024063,0.73814625
uncharacteristically,1.7146788,0.58303255
uncle,-0.381648,-0.13897793
uncomfortable,0.33226255,0.017438298
uncomfortably,0.9703117,0.8141215
unconcerned,0.8416926,0.48039505
unconscious,-0.7149828,1.4569546
uncontrollably,-0.2695534,1.3976932
unconvinced,-1.6834513,-3.2319405
unconvincing,-0.5644535,-3.133371
uncorked,-0.9313376,-0.25099602
unctuous,1.7981987,0.96208584
under,-0.74455464,1.020965
underage,1.0581667,-0.99458075
undercover,2.53644,-1.4111335
underground,-1.4209894,0.59642047
undergrowth,-1.2416238,2.173444
underneath,-0.8670197,4.423147
undersecretary,1.7333436,-1.0024161
understand,0.73605484,-0.406545
understanding,1.3244749,-0.009154186
understands,1.9655447,-0.7689736
understood,1.4421651,-0.053104833
undertone,-0.12158689,0.030355664
underwater,3.1295252,2.6853862
undesirable,1.4555367,0.6730852
undetected,1.5952417,-0.7491308
undoubtedly,1.5700068,-0.04382976
unearthed,2.5756,-2.2522638
unease,1.2405056,1.0397152
uneasily,1.8606851,3.54371
uneasy,0.236924,0.1779768
uneven,-4.2123733,1.927892
unexpected,-0.27320525,-1.2447951
unexpectedly,1.0544566,2.1248918
unfair,-0.481456,-0.69501024
unfamiliar,0.15330186,1.5820966
unfocused,0.8402593,1.7735058
unfogging,2.4934716,0.26617602
unfolded,0.07845894,2.3653388
unforgivable,2.363082,1.6334953
unfortunate,1.407437,-1.1055126
unfortunately,-0.1469361,-3.540392
unfurled,0.74408484,4.2631283
ungrateful,0.2438278,-0.28654906
unhappy,0.106854215,-1.2823025
unheard,1.3207827,3.9385307
unhelpful,-0.178559,-1.3216212
unicorn,2.6071305,-0.8380137
unicorns,-0.23666547,-1.987413
uniform,-0.43185654,3.8930159
uninjured,-0.16894288,1.6072369
unique,1.6122605,0.45401227
unison,-1.7751198,-2.8487382
united,1.6321056,-2.1065412
unkempt,0.5221982,4.6242456
unknown,2.7389674,-1.286357
unless,0.82886285,-0.75111413
unlike,3.9469051,1.062087
unlikely,0.7770627,0.12382849
unlocked,-1.4097357,3.237873
unlucky,3.9212382,0.66015047
unmarked,3.9809694,1.1264973
unmistakable,0.4720221,2.0864074
unmistakably,-0.086299315,2.7599978
unnatural,2.6892934,-3.2338855
unnaturally,-1.2954055,0.6250888
unnecessarily,1.6813742,0.8573706
unnecessary,-2.8588133,-2.3516867
unnerved,-4.1525593,1.0595934
unnerving,1.1408889,0.8586274
unnoticed,0.8564014,1.9634166
unpleasant,0.38882095,0.30476737
unpleasantly,1.5651263,2.0459652
unprotected,-1.2262065,-0.8362606
unraveled,-0.34532592,1.0717812
unrecognizable,2.7908077,2.297379
unrolled,0.6132106,0.47083187
unrolling,-1.3112018,-1.0365754
unscathed,-2.287682,1.8387899
unseen,-2.524716,3.134099
unstable,2.2520382,-2.160655
unsteady,-0.6046191,1.3371118
unsupported,3.0665102,1.7950906
unsure,0.6647855,0.1454231
untidy,-0.15670183,3.0038812
untied,-0.58754474,1.5130183
until,-0.31249547,0.008945319
untouched,-1.9157426,-0.56198263
unusual,0.32435122,-0.45607546
unusually,1.7554548,1.347089
unwanted,-0.96048623,1.0918965
unwelcome,-4.2547193,-0.96874446
unwilling,2.1655064,-3.2942948
unwise,1.8455695,-1.086357
unworthy,2.7439072,-2.5784054
unwrap,-3.571954,0.30653727
unwrapped,-0.3771801,2.5040524
unwrapping,0.31671482,0.70883703
upcoming,3.74252,0.28491637
upon,0.13137649,1.720574
upper,-0.4799724,1.478158
upright,-0.95176816,1.3756121
uproar,-3.2110064,0.6699011
upset,3.5789354,1.7743645
upside,-0.45210674,0.8376493
upsidedown,0.015233175,2.1157496
upstairs,-0.9292062,0.05332604
upturned,1.1411872,1.8460127
upward,-0.7999022,1.8659366
uranus,2.1842978,3.1986096
urge,1.7365937,0.07588306
urged,-1.731713,0.7835567
urgent,-3.109622,-0.20764582
urgently,3.872154,-0.33728
urgh,-2.0406559,1.9694512
urging,-1.4395891,-0.7290529
usa,-1.9455827,-3.659415
use,0.810119,-0.93253416
used,0.46315286,-0.77878886
useful,1.8671396,0.18148944
useless,0.48280853,-0.9683999
uses,0.877261,-0.29903606
ushered,-3.4026527,-2.2626805
using,0.5723555,-0.8699109
usual,-0.5210921,0.17435953
usually,1.5164456,-0.26746455
utmost,-0.9746742,-1.6321763
utter,-0.14507437,1.0459393
uttered,-1.3630883,-4.063554
utterly,0.11549207,0.3662876
vacant,-0.19072612,2.233588
vacated,-2.6513727,1.1392541
vacation,-1.358281,-1.9065565
vague,2.7082005,2.338622
vaguely,2.9629052,3.3081455
vain,2.1604166,-0.55923754
valentine,-0.017482739,2.8019135
valiantly,1.5224543,-0.6595248
valley,-3.352544,3.0661294
valuable,3.0249765,-0.90396494
value,0.9909422,-0.04946338
vampire,-0.593327,-4.242809
vampires,-0.3273206,-3.5715964
vance,-4.442124,1.7980541
vane,-4.8643627,0.71061575
vanish,-0.66295844,0.32805628
vanished,-0.96992624,1.040501
vanishing,0.25467977,0.7341014
vapor,0.0013900602,2.201589
varied,0.9473229,-1.9312358
variety,1.4853407,-3.8909848
various,-1.5311841,-0.4066892
vase,-2.0729933,1.4589525
vast,-4.246458,1.3590155
vault,1.0438434,0.5393567
vaulted,-2.7051194,2.5863662
vaults,-0.92503417,-2.1240976
vector,-1.1607634,-3.2140656
veela,-2.8228533,0.56741375
vegetable,-2.9215088,2.4425366
veil,-0.11292403,1.4406432
veiled,1.9446219,1.7144412
vein,-0.49392846,-0.34685886
veins,-0.6723206,-3.878821
vell,-0.96681964,-2.2776825
velvet,-0.5110224,2.031756
velvety,0.41990042,3.1668751
vengeance,1.6617029,-0.84923506
venom,2.9206142,0.36402282
venomous,-2.5372229,-1.1508002
verge,2.4240859,-3.393729
veritaserum,1.620993,-0.31892675
vernon,-0.46402144,0.04519045
version,1.483101,-2.1709862
versus,-2.441137,-1.3567792
vertical,-0.01885648,4.018767
vibrate,-0.517475,0.75424165
vibrating,-1.1793561,1.4430416
vicinity,-1.0047674,-1.2690604
vicious,-1.2478572,-0.81250477
viciously,0.2904831,-0.79869014
vicky,0.34385264,-1.1546429
victim,2.297548,3.9196067
victims,2.4379978,0.13180988
victory,-2.1238997,-1.3135618
view,-1.4609607,-0.022574103
views,2.7728612,0.5196931
vigilance,-2.5244856,-0.057955872
vigorously,-0.33998474,0.71392614
viktor,-1.9964635,-2.68916
village,-0.23484737,-0.43615332
villagers,-2.6374445,1.6215636
violence,-3.9814653,1.1314323
violent,-0.80885506,2.2485344
violently,-3.174505,0.73839027
violet,-0.9688948,3.1898127
virtually,-0.37831336,-0.9659569
visibility,1.7454865,-2.7814817
visible,-0.69327426,2.4350736
visibly,-0.63776076,1.9404764
vision,-0.6078607,0.25439692
visions,2.9070704,-0.4360933
visit,-0.8198789,-1.1823469
visited,0.79716337,-0.77714735
visiting,-3.0562408,-0.2210263
visitor,1.1788386,-0.72132194
visitors,-0.7747344,-1.3052875
visits,1.4079245,0.8637673
vivid,0.8951976,2.3040514
vividly,2.1374655,1.2313536
voice,-0.03486601,0.41283622
voices,-1.1247344,0.40246627
vol,0.975238,-0.53957295
voldemort,0.830043,-0.10281227
volkov,-2.0743213,-0.25722083
volume,-2.817126,-3.2834973
volunteered,1.7253876,-3.7227445
vomit,-4.0136504,0.36922625
vomiting,-3.7958431,-0.6134946
vos,3.0742304,1.2852092
vot,-0.999459,0.35613063
vote,1.8746431,-0.771703
vow,1.4797523,0.3368729
voyages,-0.09411904,1.8052783
vulchanov,-1.3294891,-0.6406796
vulture,-0.07542576,2.3519154
vvoldemort,-0.18771103,-0.12550879
wad,-1.1822131,3.0610595
wafting,-1.9368118,2.926914
wages,0.56796736,-2.4361856
wagging,2.084583,0.016605884
wail,1.1783738,2.2844713
wailed,0.88871413,1.5854583
wailing,-1.3581246,0.34219712
waist,-0.75522774,1.5810671
waistcoat,-0.6106888,4.5433884
waistlength,-0.6812335,3.6541078
wait,0.05166524,-0.6682579
waited,-0.15575925,0.39749482
waiting,-0.5962842,0.16919017
waitress,-3.2860422,2.5988584
wake,-0.7981746,0.21880375
waking,-0.44390503,1.0873033
walk,-0.6852189,0.062285114
walked,-1.0333343,0.7592835
walking,-1.2930596,0.55084467
wall,-1.2102784,1.3470395
walls,-1.8365993,2.3363214
walnut,-0.36983767,3.7854362
walrus,-0.9610998,2.6714883
wan,0.6302304,-2.494577
wand,-0.1454634,1.1685618
wander,3.9556074,-0.06253779
wandered,-1.3294588,-0.033612274
wandering,-0.10689295,-0.46132183
wanderings,2.4240704,1.199677
wandless,-0.29961964,2.2829943
wandlight,-1.6434029,3.3328526
wandlore,1.9824725,-1.4875838
wandmaker,3.171813,-0.6955259
wands,-0.27418923,0.8803323
wandtip,-0.4119985,1.7507491
wanting,0.2819945,-0.38750938
wants,0.83801144,-0.66288257
war,0.16311128,4.2743535
ward,-0.38480368,0.19849771
wardrobe,-1.3012637,1.2252785
warily,-0.43984905,-0.34009302
warlock,-2.788923,0.28330344
warlocks,-1.1460097,-1.8192369
warm,-0.40038514,2.1363971
warmer,-0.76084095,-2.134514
warming,-2.7951808,1.7472491
warmly,-0.35456297,4.0467367
warmth,0.50561136,1.0792437
warn,1.3510597,-2.7496781
warned,0.98116314,-1.1879017
warner,-2.241864,-4.0478272
warning,2.493726,0.6253335
warningly,0.18579961,0.23290613
warnings,2.8404543,-1.1028067
warrington,-1.7879529,-3.1801257
wars,1.8896571,-1.2934884
wart,3.5716126,-2.4335215
wary,-2.0429704,-1.086917
wash,-2.0402966,0.53785664
washed,-3.5946906,3.579451
washing,3.9324737,1.0047381
wasn,0.6179025,-3.806827
wasp,-2.8421,3.3749588
waste,2.1332831,-2.4458697
wasted,2.36914,-3.281081
wastepaper,-3.9946034,2.7814183
wasting,-0.25305608,0.223617
watch,-0.883547,-0.19754015
watched,-0.34994307,0.62020206
watchers,-3.128678,-1.0107182
watchful,3.3808656,-1.6279762
watchin,0.043541275,-2.4495041
watching,-0.50545645,0.540479
water,0.2785834,2.4703457
watered,1.1401057,1.0849748
watering,1.9368231,0.5179761
watery,0.031064037,1.5378609
wave,1.1424373,2.8354099
waved,0.0028228515,1.0743159
waves,-2.827246,3.957072
waving,-0.21529534,3.727313
wavy,-0.4164707,2.9876344
wax,-4.550301,-0.2272332
waxy,-0.35380322,2.6758614
ways,1.4827199,-1.5785384
weak,3.4426348,-0.3861371
weakened,2.7038894,0.029829482
weakly,-0.57055885,0.0067284876
weakness,0.9628891,-1.0803936
weapon,1.0454686,-0.6498574
weapons,1.8015764,-1.2955812
wear,0.123901606,-0.92125636
wearily,-0.0064604366,-0.09455795
wearing,-0.5499658,2.446284
wears,1.0635047,1.8073319
weary,-0.61895555,-2.5868573
weasel,0.27792066,-0.42544362
weasley,-0.30152,-0.002456344
weasleys,-0.7040735,-0.44894674
weather,-0.8590218,-1.4721868
weatherby,0.79560685,-4.265623
weaving,2.5884194,3.041633
web,-1.0170597,2.959077
webbed,3.088982,0.9650548
wed,-0.21752189,-1.3450036
wedding,-0.470622,-0.84826195
wednesday,1.8144314,-2.7649539
wee,-0.2240706,-3.1535754
weed,2.6193612,-2.7754216
weeds,-1.3863393,-0.8612311
week,-0.5679045,-0.89498967
weekend,-0.15787473,-1.0597746
weekends,-1.2542735,-2.2765317
weekly,-0.5030153,-1.1963184
weeks,-0.2846373,-1.0588247
weeping,-0.021547755,2.344918
weighed,2.6936724,2.3520188
weighing,1.1667423,3.4038587
weight,0.07413045,0.8483161
weird,0.8050314,-3.8291755
weirdly,0.81634176,3.579943
weirdos,2.51285,-1.8556947
welcome,0.8632742,-0.58669376
welcoming,4.42306,-0.5344624
welled,1.6936575,2.4568408
wellknown,1.119928,-2.933678
wen,-0.3591988,-2.077825
weren,0.1709427,-2.476837
werent,0.14453608,-0.6079262
werewolf,0.34329155,0.110200554
werewolves,1.2783884,0.25728515
west,-1.7215369,0.07955217
wet,-0.03510726,2.4855065
wha,3.6589878,1.812103
whacking,-1.6091527,-0.20466109
wham,-2.888002,-0.89296144
whatever,1.4901514,-0.8038896
whatll,0.41237998,-1.5075085
whatre,-1.386875,-2.1842887
whatsoever,0.42309698,-0.228823
whatve,-2.1847923,0.033425536
wheel,-4.126987,0.5844972
wheeled,-1.3894705,1.2901802
wheeling,-2.8907435,1.0860591
wheels,-1.7274299,-0.37695357
wheezed,-0.8091341,-0.88556516
wheezes,-3.122839,-2.4459937
wheezing,-1.1044456,0.7218644
wheezy,2.4002328,1.2936387
whenever,-0.6600721,-0.120355025
whereabouts,0.6606824,-0.5116865
whereas,1.4742646,-1.7023107
wherere,-0.44199252,-2.6921098
whereve,0.64770776,-3.9107642
wherever,-0.8940224,-2.112508
whether,0.58889276,-0.52342093
whichever,-1.9375781,-1.9289027
whiff,0.25847563,2.1881742
whimper,-0.6994689,1.3349298
whimpered,-4.1290464,0.638623
whimpering,-0.15484232,2.503551
whinging,3.9347613,-1.7714133
whining,-3.492837,-0.9125042
whip,0.077896066,-3.8420255
whipped,-0.051233787,4.15847
whipping,-1.0755922,3.2182329
whirl,-0.57029337,2.773369
whirled,-0.73435974,1.2505062
whirling,-3.1297476,-0.9196554
whirring,-1.19903,3.4818382
whiskers,1.9241452,-2.3752346
whisper,0.3831809,0.31472388
whispered,-0.038981143,0.16315608
whispering,-0.36102083,0.26331672
whispers,1.0757064,2.178198
whistle,-4.346913,-0.7891285
whistled,-2.3858519,0.1639013
whistling,-2.2781935,0.27081296
white,-0.4990317,2.7460086
whiteblond,-1.3391507,2.400054
whitefaced,-0.23548421,0.4300437
whitehot,-2.0132358,4.1251054
whizzed,-2.2627833,2.6068683
whizzing,1.2160544,4.1302595
whod,0.5448953,-0.7768537
whoever,3.9428089,-0.09218023
whole,-0.05519703,-0.589479
wholl,-0.51223123,-1.4317772
whom,0.18612306,0.23055203
whomping,-0.38330624,-0.26110604
whooping,1.9221672,2.8081594
whoosh,-4.359262,-0.16620336
whooshing,-4.4975853,-0.8126103
whore,-2.455729,2.1924903
whose,0.13019012,1.8760257
whove,-1.965286,-0.6096081
why,0.34393993,-0.53462744
wicked,0.24487595,1.96475
widdershins,1.3416077,-0.6904824
wide,-0.90982485,2.201583
wideeyed,-0.36924663,1.0872818
widely,0.4376633,-0.4431683
widened,0.36709112,1.5161222
widening,0.14337185,1.9705194
wider,-0.25283867,1.4589257
wife,1.22045,-0.9485302
wig,1.8497572,2.9255698
wild,-0.20321305,0.34824932
wilder,-2.9877996,2.443105
wildest,1.9862776,0.8469633
wildly,-0.10722242,0.73519677
willing,2.4630525,-1.2399604
willow,-1.2902234,-0.051464655
willy,2.4790757,3.722691
win,-0.40038493,-1.4950585
wince,-1.0142065,-0.32539237
winced,-1.4648874,-2.7071419
wincing,0.35751006,1.1714453
wind,-1.1610504,2.795044
winding,-2.3233526,0.013062189
window,-1.4984131,1.5748346
windowless,-2.397494,1.0160694
windows,-1.5663085,2.5147736
windowsill,-2.0991914,0.8711902
winds,-2.8133192,-0.30437845
windshield,-3.0281627,2.7873964
windswept,-3.88941,-1.2601253
wine,0.8924052,1.2278894
wing,-1.3189707,-0.5445318
wingardium,-1.4040815,2.3615801
winged,-0.7139687,0.7531444
wings,-1.0607662,2.124408
wink,-2.8401957,3.547364
winked,1.301311,-3.6489866
winking,0.009469009,1.688153
winky,1.1114076,0.308056
winner,2.172215,-2.4621606
winning,-1.5539622,-1.365242
winnings,-1.155049,-0.28656727
wins,-1.744483,-1.2483346
winter,-2.2871866,1.8248848
wipe,0.50527716,-3.433043
wiped,0.749432,0.73773426
wiping,-3.5642986,-2.3959038
wire,-1.9990945,4.192031
wireless,-2.5890923,0.9422843
wisdom,1.7222773,-0.85345834
wise,1.4848077,0.11160575
wisely,-3.6937509,0.52316236
wiser,0.9504955,-3.1983116
wish,0.33634737,-0.69718736
wished,-1.4478234,-2.3255823
wishes,3.0378134,0.78830886
wishing,-0.14625216,-0.95657897
wisp,-0.43847597,3.0764878
wisps,-0.9021771,3.517338
wispy,-1.4095669,2.30877
wisteria,2.8603206,2.8895583
wit,-2.3354032,-1.060753
witch,-0.048548114,0.6450752
witchcraft,0.39707506,-1.5513089
witches,-0.14057894,-1.2754282
withdrawing,2.9234607,-2.5878513
withdrawn,-2.932851,3.127511
withdrew,-0.63912714,1.54426
withered,2.333429,0.2950416
within,-0.90805686,-0.38555273
witness,-0.9371533,-3.7546473
witnessed,0.696986,-0.107980765
witnesses,0.41713867,0.26971444
wits,-2.4584723,0.3424359
wizard,0.38174093,0.06982993
wizarding,1.4949098,-1.5106359
wizardkind,1.5440679,-1.2926745
wizardry,0.31162676,-1.4279367
wizards,0.052178677,-1.3342088
wizened,1.4600916,1.0690625
wizengamot,0.6325328,0.059640743
wobbled,-0.54300714,1.0489863
woke,-2.8330235,-1.3048836
woken,-1.0654818,-1.5221986
wolf,2.5909667,0.42651525
wolfsbane,1.6888628,-1.1355757
woman,-0.1778654,0.59927976
women,-3.5393872,0.3998263
won,-1.6694487,-1.4047785
wonder,0.510279,-0.6201931
wondered,0.89862293,-0.52046704
wonderful,0.016713697,-2.0261793
wondering,0.58197606,-0.53753316
wonderingly,-1.1733385,-2.5466316
wonders,-0.06184855,-1.1491654
wonwon,3.5686343,3.121306
wood,-1.9326158,-1.0461388
wooden,-1.6483982,2.2634835
woods,-2.986106,-0.739383
woolen,-0.9440917,2.712597
woolly,0.8704525,0.82740027
word,0.27256286,-0.17933474
wordlessly,-1.2192101,3.7390935
words,0.46198443,0.54993546
wore,-0.5277384,2.7987044
work,0.43617943,-0.90048444
worked,0.85817355,-0.6200668
workers,2.8261583,-1.3308271
working,0.34981278,-0.8130121
works,0.6727458,-1.1027441
world,0.92415524,-1.2426078
worm,-2.357692,-0.6280345
worms,-3.7940762,1.940033
wormtail,1.1470147,1.2546728
worn,0.2862136,0.5536226
worple,1.6270431,-2.8362312
worried,0.00568953,-0.56782055
worries,2.0003312,-1.7571048
worry,-0.27268907,-0.36374423
worrying,0.4600493,-0.41455624
worse,0.1546331,-0.5418907
worst,0.81846607,-1.3106012
worth,0.53784096,-1.6977173
worthless,2.5080779,2.3554208
worthwhile,0.48882347,-1.7077827
worthy,3.6500833,2.1484632
wotcher,1.3125619,1.9502691
wouldbe,-2.3467677,0.6444705
wouldn,0.053487618,-3.0925841
wouldve,0.11899006,-0.6919594
wound,0.23431258,1.2846124
wounded,-0.79366887,-2.1546452
wounds,-0.94029224,-3.324137
wove,-2.2498724,2.354158
wow,-0.2251466,-0.65025616
wrackspurt,0.23922178,3.0074263
wrap,0.5334446,-3.9546144
wrapped,-0.6126972,1.7672268
wrapper,-3.8010075,2.4208643
wrapping,-3.6353254,3.5204246
wrath,1.6573176,1.0258237
wreck,3.3297005,2.1145134
wreckage,-1.9308107,1.6608523
wrench,-1.2294383,1.0607113
wrenched,-1.1384417,1.1914408
wrenching,-3.0264604,-1.1348742
wrestle,-1.6870856,-2.7780612
wrestling,-1.106821,-0.026538413
wretched,-0.8043641,-2.819438
wriggled,2.4549255,1.7312574
wriggling,-2.6205983,2.0837445
wringing,2.9127407,0.6788603
wrinkled,-0.5399219,2.27399
wrist,-0.1419656,1.653389
wrists,-4.2448936,-0.7932601
write,-0.015354142,-0.85389626
writes,3.3473263,-0.7211266
writhed,1.1019002,4.090556
writhing,0.45022556,0.8265455
writing,1.3611745,0.7139146
written,1.6979462,-0.081125505
wrong,0.27409515,-0.5254896
wrongly,1.2010299,-1.7060169
wronski,-0.08377639,-1.75995
wrote,0.8013525,-1.8628497
wrought,-1.3892629,2.4851892
wroughtiron,-2.549343,2.950439
wwhat,-0.75290555,0.6062933
xenophilius,3.3948014,-1.3472608
yanked,0.03047665,3.6871252
yard,-2.9797823,0.8527501
yards,-1.8265129,0.9182492
yawn,0.11181553,1.9826747
yawned,-1.0589296,-0.99025774
yawning,1.0200226,4.3338065
yaxley,0.16353557,0.64505804
year,-0.22328289,-0.87981844
years,-0.26031938,-0.8739944
yeh,0.18258609,-2.2308805
yehd,0.4605525,-2.2871587
yehll,0.2530017,-2.0273523
yehre,0.023919733,-1.7852108
yehve,0.32103407,-2.7535877
yell,-2.5255272,0.043338142
yelled,-0.9925403,0.29574263
yelling,-3.299465,-0.83279395
yellow,-1.1574172,4.0237784
yellowing,-1.1297843,4.2452836
yellowish,-0.28085682,3.5694134
yells,-0.95209205,0.3524501
yelp,-2.8926265,0.9562202
yelped,-3.9182339,0.8081201
yelping,-3.3598716,-0.08292134
yep,2.9358673,0.007012945
yer,0.3470341,-2.552941
yerself,0.26387882,-3.0898204
yesterday,-0.1609173,-1.269076
yet,0.5147356,-0.25133833
yew,-2.1734118,3.4054184
yorkshire,-4.0996146,0.23014626
youd,0.01788435,-0.7945159
youknow,3.6340182,-1.2131102
youknowoo,2.1220267,-2.1704412
youknowwhat,-3.1091313,2.9317434
youknowwho,1.0191749,-0.57647204
youll,0.12100015,-0.7910079
young,1.0157716,-0.86869836
younger,2.3566487,-0.5653265
youngest,1.2335548,-0.78595495
yours,0.7260846,-1.1231421
yourself,0.4954708,-0.8375746
yourselves,0.31335512,-1.2221825
youth,0.2716897,-1.4946153
yule,1.1760392,0.38016343
zabini,-2.9578564,-0.028771404
zacharias,-0.17854495,0.081077166
zat,3.1483474,3.3594306
zero,-2.19443,-0.7946006
zey,-1.5948027,-3.5799315
zigzagged,-2.3456209,-2.4917223
zigzagging,-2.2628949,2.1154602
zis,0.3443284,-2.9155104
zonko,-1.2113141,-1.1739484
zoo,-2.4806995,-2.0460439
zoom,-2.1843274,-0.3173505
zoomed,-2.2403471,1.9539185
zooming,-2.2480624,1.8788594
